brand,offset_s,peak,verdict,video_dur,audio_dur,onset_s,source,status
NOMAD-1474,8.015,0.858,confirmed,253.664,239.68,0.75,measured,active
NOMAD-0315,5.739,0.337,confirmed,153.77,152.173,18.65,measured,active
NOMAD-1165,8.059,0.952,confirmed,247.385,234.227,1.15,measured,active
NOMAD-1116,8.063,0.913,confirmed,278.197,264.92,0.0,measured,active
NOMAD-0834,5.068,0.134,needs-review,302.949,292.807,3.6,measured,active
NOMAD-1177,8.059,0.968,confirmed,199.193,186.027,1.15,measured,active
NOMAD-0456,10.031,0.844,confirmed,273.191,263.133,0.4,measured,active
NOMAD-1176,8.059,0.826,confirmed,190.468,177.321,0.55,measured,active
NOMAD-1360,8.015,0.95,confirmed,178.464,164.321,0.0,measured,active
NOMAD-0431,5.194,0.596,confirmed,221.774,212.898,5.75,measured,active
NOMAD-1348,8.015,0.872,confirmed,217.864,204.8,1.95,measured,active
NOMAD-0167,8.72,0.707,needs-review,270.9,262.098,0.25,measured,active
NOMAD-0452,10.031,0.833,confirmed,227.262,217.223,22.85,measured,active
NOMAD-1481,8.015,0.896,confirmed,269.664,255.507,0.3,measured,active
NOMAD-1166,8.059,0.512,confirmed,228.292,215.133,0.25,measured,active
NOMAD-1419,8.015,0.77,confirmed,221.331,207.413,0.45,measured,active
NOMAD-1102,19.897,0.015,needs-review,274.18,262.541,4.9,measured,active
NOMAD-1287,8.015,0.774,confirmed,208.231,194.421,0.05,measured,active
NOMAD-1390,8.015,0.695,confirmed,193.997,180.975,0.6,measured,active
NOMAD-1431,8.015,0.753,confirmed,241.771,228.761,1.7,measured,active
NOMAD-1346,8.015,0.477,confirmed,44.331,30.772,0.15,measured,active
NOMAD-1434,8.015,0.855,confirmed,254.197,240.236,0.55,measured,active
NOMAD-1326,8.015,0.701,confirmed,287.868,274.861,0.7,measured,active
NOMAD-1468,8.015,0.791,confirmed,223.697,210.463,1.65,measured,active
NOMAD-1180,8.059,0.907,confirmed,216.409,203.267,0.55,measured,active
NOMAD-0240,5.103,0.8,confirmed,163.383,158.279,2.65,measured,active
NOMAD-1278,8.015,0.833,confirmed,240.218,227.187,0.35,measured,active
NOMAD-1351,8.015,0.595,confirmed,232.564,219.361,0.8,measured,active
NOMAD-1362,8.015,0.917,confirmed,143.797,130.0,2.0,measured,active
NOMAD-0453,10.031,0.883,confirmed,283.686,273.627,5.95,measured,active
NOMAD-1268,8.015,0.77,confirmed,123.331,109.401,2.3,measured,active
NOMAD-1442,8.015,0.889,confirmed,130.131,115.8,1.75,measured,active
NOMAD-1459,8.015,0.808,confirmed,224.564,210.933,0.15,measured,active
NOMAD-1095,14.644,0.027,needs-review,186.501,174.78,13.9,measured,active
NOMAD-1336,8.015,0.877,confirmed,248.364,234.483,2.7,measured,active
NOMAD-1181,8.059,0.76,confirmed,371.439,357.74,1.95,measured,active
NOMAD-1440,8.015,0.968,confirmed,331.664,317.617,3.6,measured,active
NOMAD-0455,10.031,0.689,confirmed,287.494,277.455,15.0,measured,active
NOMAD-0043,5.366,0.899,confirmed,244.924,239.304,28.25,measured,active
NOMAD-1301,8.015,0.916,confirmed,254.697,241.159,0.1,measured,active
NOMAD-1376,8.015,0.866,confirmed,193.997,180.281,0.4,measured,active
NOMAD-0454,10.031,0.838,confirmed,124.63,114.579,17.1,measured,active
NOMAD-1300,8.015,0.82,confirmed,208.331,194.477,2.05,measured,active
NOMAD-0923,5.063,0.287,needs-review,130.889,120.667,12.15,measured,active
NOMAD-0580,16.349,0.899,needs-review,437.533,419.029,61.2,measured,active
NOMAD-1118,8.063,0.957,confirmed,307.663,294.107,0.1,measured,active
NOMAD-0705,8.015,0.893,confirmed,199.042,185.961,0.05,measured,active
NOMAD-1504,8.015,0.886,confirmed,244.497,230.2,0.35,measured,active
NOMAD-1001,7.771,0.039,needs-review,176.641,227.307,14.25,measured,active
NOMAD-1339,8.015,0.772,confirmed,254.031,240.844,1.15,measured,active
NOMAD-1416,8.015,0.945,confirmed,145.964,131.761,0.05,measured,active
NOMAD-1307,8.015,0.613,confirmed,249.264,235.827,0.95,measured,active
NOMAD-1179,8.059,0.853,confirmed,133.892,120.744,0.25,measured,active
NOMAD-1439,8.015,0.936,confirmed,282.297,267.92,0.2,measured,active
NOMAD-0976,5.215,0.01,needs-review,102.329,91.648,1.7,measured,active
NOMAD-1271,8.015,0.632,confirmed,207.764,194.354,0.1,measured,active
NOMAD-1318,8.015,0.712,confirmed,249.271,236.278,0.35,measured,active
NOMAD-1269,8.015,0.808,confirmed,183.231,169.406,0.25,measured,active
NOMAD-0451,10.031,0.7,confirmed,151.124,141.084,6.9,measured,active
NOMAD-0666,4.974,0.054,needs-review,248.918,238.805,48.35,measured,active
NOMAD-1284,8.015,0.93,confirmed,254.831,241.333,0.05,measured,active
NOMAD-1489,8.015,0.788,confirmed,261.197,246.988,0.0,measured,active
NOMAD-1498,8.015,0.905,confirmed,355.797,341.221,0.3,measured,active
NOMAD-1330,8.015,0.763,confirmed,289.631,276.261,1.5,measured,active
NOMAD-0668,14.278,0.017,needs-review,187.223,170.083,9.25,measured,active
NOMAD-1367,8.015,0.71,confirmed,315.131,301.12,0.5,measured,active
NOMAD-1148,8.059,0.775,confirmed,205.145,191.413,0.4,measured,active
NOMAD-1347,8.015,0.876,confirmed,191.731,177.848,0.2,measured,active
NOMAD-1048,3.149,0.893,needs-review,312.781,306.491,2.15,measured,active
NOMAD-1337,8.015,0.876,confirmed,382.031,369.0,1.55,measured,active
NOMAD-1370,8.015,0.761,confirmed,183.464,168.901,0.0,measured,active
NOMAD-0619,5.176,0.827,confirmed,171.033,166.004,3.1,measured,active
NOMAD-1493,8.015,0.803,confirmed,254.097,240.747,0.25,measured,active
NOMAD-1111,8.063,0.913,confirmed,204.961,191.8,0.05,measured,active
NOMAD-1458,8.015,0.941,confirmed,219.064,204.792,0.95,measured,active
NOMAD-0330,2.715,0.376,confirmed,286.233,339.08,0.2,measured,active
NOMAD-1406,8.015,0.892,confirmed,241.131,227.11,0.4,measured,active
NOMAD-1308,8.015,0.877,confirmed,160.231,146.593,0.0,measured,active
NOMAD-1364,8.015,0.868,confirmed,199.998,186.986,1.4,measured,active
NOMAD-1132,8.059,0.677,confirmed,210.009,196.8,0.75,measured,active
