brand,folder,verdict,confidence,winner_name,winner_ext,winner_rel,winner_db,runnerup_db,margin_db,n_candidates,approved
NOMAD-0001,NOMAD-0001 - This Is Me Smiling - Prettier,confirmed,low,03 - Prettier.flac,flac,NOMAD-0001 - This Is Me Smiling - Prettier/03 - Prettier.flac,-21.8,-21.8,0.0,4,
NOMAD-0002,NOMAD-0002 - Ленинград - Алкаш,confirmed,high,leningrad-alkash.mp3,mp3,NOMAD-0002 - Ленинград - Алкаш/leningrad-alkash.mp3,-18.4,-33.8,15.4,2,
NOMAD-0003,NOMAD-0003 - Cher - Apples Don't Fall Far From The Tree,confirmed,high,Y2Mate.is - Apples Don't Fall Far From The Tree-wXrnVxl9UXI-160k-1654621859063.mp3,mp3,NOMAD-0003 - Cher - Apples Don't Fall Far From The Tree/Y2Mate.is - Apples Don't Fall Far From The Tree-wXrnVxl9UXI-160k-1654621859063.mp3,-23.3,-60.9,37.6,2,
NOMAD-0004,NOMAD-0004 - The Hush Sound - Don't Wake Me Up,confirmed,low,06 Don't Wake Me Up.mp3,mp3,NOMAD-0004 - The Hush Sound - Don't Wake Me Up/06 Don't Wake Me Up.mp3,-21.6,,,1,
NOMAD-0005,NOMAD-0005 - ABBA - I Am The City,confirmed,low,16 - I Am The City.mp3,mp3,NOMAD-0005 - ABBA - I Am The City/16 - I Am The City.mp3,-28.2,,,1,
NOMAD-0006,NOMAD-0006 - ABBA - Under Attack,confirmed,low,18 - Under Attack.mp3,mp3,NOMAD-0006 - ABBA - Under Attack/18 - Under Attack.mp3,-28.9,,,1,
NOMAD-0007,NOMAD-0007 - The Hush Sound - A Dark Congregation,confirmed,high,02 A Dark Congregation.mp3,mp3,NOMAD-0007 - The Hush Sound - A Dark Congregation/02 A Dark Congregation.mp3,-20.5,-64.4,43.9,2,
NOMAD-0008,NOMAD-0008 - The Hush Sound - As You Cry,confirmed,high,06 As You Cry.mp3,mp3,NOMAD-0008 - The Hush Sound - As You Cry/06 As You Cry.mp3,-24.8,-66.2,41.4,2,
NOMAD-0009,NOMAD-0009 - The Hush Sound - Boys Are Too Refined,confirmed,high,04 Boys Are Too Refined.mp3,mp3,NOMAD-0009 - The Hush Sound - Boys Are Too Refined/04 Boys Are Too Refined.mp3,-24.2,-80.3,56.1,2,
NOMAD-0010,NOMAD-0010 - The Hush Sound - Break the Sky,confirmed,high,13 Break the Sky.mp3,mp3,NOMAD-0010 - The Hush Sound - Break the Sky/13 Break the Sky.mp3,-25.9,-46.1,20.2,2,
NOMAD-0011,NOMAD-0011 - The Hush Sound - Carry Me Home,confirmed,high,12 Carry Me Home.mp3,mp3,NOMAD-0011 - The Hush Sound - Carry Me Home/12 Carry Me Home.mp3,-19.7,-91.0,71.3,2,
NOMAD-0012,NOMAD-0012 - The Hush Sound - City Traffic Puzzle,confirmed,high,01 City Traffic Puzzle.mp3,mp3,NOMAD-0012 - The Hush Sound - City Traffic Puzzle/01 City Traffic Puzzle.mp3,-19.9,-84.3,64.4,2,
NOMAD-0013,NOMAD-0013 - The Hush Sound - Crawling Towards The Sun,confirmed,high,03 Crawling Towards The Sun.mp3,mp3,NOMAD-0013 - The Hush Sound - Crawling Towards The Sun/03 Crawling Towards The Sun.mp3,-21.9,-68.2,46.3,2,
NOMAD-0014,NOMAD-0014 - The Hush Sound - Echo,confirmed,high,08 Echo.mp3,mp3,NOMAD-0014 - The Hush Sound - Echo/08 Echo.mp3,-26.0,-75.8,49.8,2,
NOMAD-0016,NOMAD-0016 - The Hush Sound - Honey,confirmed,high,02 Honey.mp3,mp3,NOMAD-0016 - The Hush Sound - Honey/02 Honey.mp3,-25.1,-53.8,28.7,2,
NOMAD-0017,NOMAD-0017 - The Hush Sound - Hospital Bed Crawl,confirmed,high,12 Hospital Bed Crawl.mp3,mp3,NOMAD-0017 - The Hush Sound - Hospital Bed Crawl/12 Hospital Bed Crawl.mp3,-26.3,-46.5,20.2,2,
NOMAD-0018,NOMAD-0018 - The Hush Sound - Hourglass,confirmed,high,07 Hourglass.mp3,mp3,NOMAD-0018 - The Hush Sound - Hourglass/07 Hourglass.mp3,-22.4,-79.2,56.8,2,
NOMAD-0019,NOMAD-0019 - The Hush Sound - Hurricane,confirmed,high,05 Hurricane.mp3,mp3,NOMAD-0019 - The Hush Sound - Hurricane/05 Hurricane.mp3,-27.9,-35.5,7.6,2,
NOMAD-0020,NOMAD-0020 - The Hush Sound - Intro,confirmed,high,01 Intro.mp3,mp3,NOMAD-0020 - The Hush Sound - Intro/01 Intro.mp3,-32.4,-51.8,19.4,2,
NOMAD-0021,NOMAD-0021 - The Hush Sound - Lions Roar,confirmed,low,04 Lions Roar.mp3,mp3,NOMAD-0021 - The Hush Sound - Lions Roar/04 Lions Roar.mp3,-22.1,,,1,
NOMAD-0022,NOMAD-0022 - The Hush Sound - Love You Much Better,confirmed,high,11 Love You Much Better.mp3,mp3,NOMAD-0022 - The Hush Sound - Love You Much Better/11 Love You Much Better.mp3,-24.8,-51.4,26.6,2,
NOMAD-0023,NOMAD-0023 - The Hush Sound - Magnolia,confirmed,high,08 Magnolia.mp3,mp3,NOMAD-0023 - The Hush Sound - Magnolia/08 Magnolia.mp3,-19.9,-46.7,26.8,2,
NOMAD-0024,NOMAD-0024 - The Hush Sound - Medicine Man,confirmed,high,03 Medicine Man.mp3,mp3,NOMAD-0024 - The Hush Sound - Medicine Man/03 Medicine Man.mp3,-26.0,-73.9,47.9,2,
NOMAD-0025,NOMAD-0025 - The Hush Sound - Molasses,confirmed,high,08 Molasses.mp3,mp3,NOMAD-0025 - The Hush Sound - Molasses/08 Molasses.mp3,-24.8,-50.7,25.9,2,
NOMAD-0026,NOMAD-0026 - The Hush Sound - Momentum,confirmed,high,06 Momentum.mp3,mp3,NOMAD-0026 - The Hush Sound - Momentum/06 Momentum.mp3,-24.1,-90.3,66.2,2,
NOMAD-0027,NOMAD-0027 - The Hush Sound - My Apologies,confirmed,high,09 My Apologies.mp3,mp3,NOMAD-0027 - The Hush Sound - My Apologies/09 My Apologies.mp3,-24.8,-74.5,49.7,2,
NOMAD-0028,NOMAD-0028 - The Hush Sound - Not Your Concern,confirmed,high,10 Not Your Concern.mp3,mp3,NOMAD-0028 - The Hush Sound - Not Your Concern/10 Not Your Concern.mp3,-24.9,-51.1,26.2,2,
NOMAD-0029,NOMAD-0029 - The Hush Sound - Out Through The Curtain,confirmed,high,10 Out Through The Curtain.mp3,mp3,NOMAD-0029 - The Hush Sound - Out Through The Curtain/10 Out Through The Curtain.mp3,-22.0,-44.1,22.1,2,
NOMAD-0030,NOMAD-0030 - The Hush Sound - Sweet Tangerine,confirmed,low,03 Sweet Tangerine.mp3,mp3,NOMAD-0030 - The Hush Sound - Sweet Tangerine/03 Sweet Tangerine.mp3,-17.7,,,1,
NOMAD-0031,NOMAD-0031 - The Hush Sound - That's Okay,confirmed,high,09 That's Okay.mp3,mp3,NOMAD-0031 - The Hush Sound - That's Okay/09 That's Okay.mp3,-26.1,-81.9,55.8,2,
NOMAD-0032,NOMAD-0032 - The Hush Sound - The Artist,confirmed,high,04 The Artist.mp3,mp3,NOMAD-0032 - The Hush Sound - The Artist/04 The Artist.mp3,-23.5,-69.0,45.5,2,
NOMAD-0033,NOMAD-0033 - The Hush Sound - The Market,confirmed,high,10 The Market.mp3,mp3,NOMAD-0033 - The Hush Sound - The Market/10 The Market.mp3,-22.5,-62.5,40.0,2,
NOMAD-0034,NOMAD-0034 - The Hush Sound - Tides Change,confirmed,high,11 Tides Change.mp3,mp3,NOMAD-0034 - The Hush Sound - Tides Change/11 Tides Change.mp3,-22.0,-90.3,68.3,2,
NOMAD-0035,NOMAD-0035 - The Hush Sound - Unsafe Safe,confirmed,high,05 Unsafe Safe.mp3,mp3,NOMAD-0035 - The Hush Sound - Unsafe Safe/05 Unsafe Safe.mp3,-23.7,-91.0,67.3,2,
NOMAD-0036,NOMAD-0036 - The Hush Sound - We Intertwined,no_source,none,,,,,,,1,
NOMAD-0037,NOMAD-0037 - The Hush Sound - Weeping Willow,confirmed,high,02 Weeping Willow.mp3,mp3,NOMAD-0037 - The Hush Sound - Weeping Willow/02 Weeping Willow.mp3,-24.8,-84.3,59.5,2,
NOMAD-0038,NOMAD-0038 - The Hush Sound - Where We Went Wrong,no_source,none,,,,,,,1,
NOMAD-0039,NOMAD-0039 - The Hush Sound - Wine Red,confirmed,high,09 Wine Red.mp3,mp3,NOMAD-0039 - The Hush Sound - Wine Red/09 Wine Red.mp3,-19.5,-38.5,19.0,2,
NOMAD-0040,NOMAD-0040 - The Hush Sound - You Are The Moon,confirmed,high,11 You Are The Moon.mp3,mp3,NOMAD-0040 - The Hush Sound - You Are The Moon/11 You Are The Moon.mp3,-23.1,-85.5,62.4,2,
NOMAD-0041,NOMAD-0041 - The Hush Sound - Lighthouse,confirmed,low,05 Lighthouse.mp3,mp3,NOMAD-0041 - The Hush Sound - Lighthouse/05 Lighthouse.mp3,-21.4,,,1,
NOMAD-0042,NOMAD-0042 - Allie X - GLAM!,confirmed,high,01. GLAM!.mp3,mp3,NOMAD-0042 - Allie X - GLAM!/01. GLAM!.mp3,-18.4,-57.3,38.9,2,
NOMAD-0043,NOMAD-0043 - Lemaitre - Rocket Girl (feat. Betty Who),confirmed,high,Lemaitre - Rocket Girl (feat. Betty Who)-KkmBkH1WLQA-256k-1655509627540.mp3,mp3,NOMAD-0043 - Lemaitre - Rocket Girl (feat. Betty Who)/Lemaitre - Rocket Girl (feat. Betty Who)-KkmBkH1WLQA-256k-1655509627540.mp3,-20.7,-48.9,28.2,2,
NOMAD-0044,NOMAD-0044 - Just Jack - 253,confirmed,low,02 - 253.mp3,mp3,NOMAD-0044 - Just Jack - 253/02 - 253.mp3,-21.2,-21.2,0.0,2,
NOMAD-0045,NOMAD-0045 - Just Jack - All Night Cinema,confirmed,high,07 - All night cinema.mp3,mp3,NOMAD-0045 - Just Jack - All Night Cinema/07 - All night cinema.mp3,-23.3,-50.5,27.2,2,
NOMAD-0046,NOMAD-0046 - Just Jack - Astronaut,confirmed,high,08 - Astronaut.mp3,mp3,NOMAD-0046 - Just Jack - Astronaut/08 - Astronaut.mp3,-20.2,-72.3,52.1,2,
NOMAD-0047,NOMAD-0047 - Just Jack - Blood,confirmed,high,06 - Blood.mp3,mp3,NOMAD-0047 - Just Jack - Blood/06 - Blood.mp3,-21.5,-42.7,21.2,2,
NOMAD-0048,NOMAD-0048 - Just Jack - Disco Friends,confirmed,high,03 - Disco Friends.mp3,mp3,NOMAD-0048 - Just Jack - Disco Friends/03 - Disco Friends.mp3,-22.6,-54.5,31.9,2,
NOMAD-0049,NOMAD-0049 - Just Jack - Doctor Doctor,confirmed,high,04 - Doctor doctor.mp3,mp3,NOMAD-0049 - Just Jack - Doctor Doctor/04 - Doctor doctor.mp3,-17.6,-37.4,19.8,2,
NOMAD-0050,NOMAD-0050 - Just Jack - Embers,confirmed,high,01 - Embers.mp3,mp3,NOMAD-0050 - Just Jack - Embers/01 - Embers.mp3,-18.9,-61.3,42.4,2,
NOMAD-0051,NOMAD-0051 - Just Jack - Glory Days,confirmed,high,02 - Glory Days.mp3,mp3,NOMAD-0051 - Just Jack - Glory Days/02 - Glory Days.mp3,-20.8,-45.3,24.5,2,
NOMAD-0052,NOMAD-0052 - Just Jack - Goth In The Disco,confirmed,high,09 - Goth in the disco.mp3,mp3,NOMAD-0052 - Just Jack - Goth In The Disco/09 - Goth in the disco.mp3,-21.8,-40.5,18.7,2,
NOMAD-0053,NOMAD-0053 - Just Jack - Hold On,confirmed,high,07 - Hold On.mp3,mp3,NOMAD-0053 - Just Jack - Hold On/07 - Hold On.mp3,-22.2,-57.3,35.1,2,
NOMAD-0054,NOMAD-0054 - Just Jack - I Talk Too Much,confirmed,high,06 - I Talk Too Much.mp3,mp3,NOMAD-0054 - Just Jack - I Talk Too Much/06 - I Talk Too Much.mp3,-22.9,-38.7,15.8,2,
NOMAD-0055,NOMAD-0055 - Just Jack - Life Stories,confirmed,high,09 - Life Stories.mp3,mp3,NOMAD-0055 - Just Jack - Life Stories/09 - Life Stories.mp3,-22.3,-60.0,37.7,2,
NOMAD-0056,NOMAD-0056 - Just Jack - Lo And Behold,confirmed,high,10 - Lo and behold.mp3,mp3,NOMAD-0056 - Just Jack - Lo And Behold/10 - Lo and behold.mp3,-18.9,-54.2,35.3,2,
NOMAD-0057,NOMAD-0057 - Just Jack - Lost,confirmed,high,05 - Lost.mp3,mp3,NOMAD-0057 - Just Jack - Lost/05 - Lost.mp3,-21.8,-42.2,20.4,2,
NOMAD-0058,NOMAD-0058 - Just Jack - Mourning Morning,confirmed,high,11 - Mourning Morning.mp3,mp3,NOMAD-0058 - Just Jack - Mourning Morning/11 - Mourning Morning.mp3,-19.9,-40.3,20.4,2,
NOMAD-0059,NOMAD-0059 - Just Jack - No Time,confirmed,high,10 - No Time.mp3,mp3,NOMAD-0059 - Just Jack - No Time/10 - No Time.mp3,-19.6,-64.2,44.6,2,
NOMAD-0060,NOMAD-0060 - Just Jack - So Wrong,confirmed,high,05 - So wrong.mp3,mp3,NOMAD-0060 - Just Jack - So Wrong/05 - So wrong.mp3,-25.2,-39.3,14.1,2,
NOMAD-0061,NOMAD-0061 - Just Jack - Spectacular Failures,confirmed,high,12 - Spectacular Failures.mp3,mp3,NOMAD-0061 - Just Jack - Spectacular Failures/12 - Spectacular Failures.mp3,-23.4,-54.4,31.0,2,
NOMAD-0062,NOMAD-0062 - Just Jack - Starz in Their Eyes,confirmed,high,04 - Starz in Their Eyes.mp3,mp3,NOMAD-0062 - Just Jack - Starz in Their Eyes/04 - Starz in Their Eyes.mp3,-24.2,-46.6,22.4,2,
NOMAD-0063,NOMAD-0063 - Just Jack - Symphony of Sirens,confirmed,high,08 - Symphony of Sirens.mp3,mp3,NOMAD-0063 - Just Jack - Symphony of Sirens/08 - Symphony of Sirens.mp3,-23.5,-46.8,23.3,2,
NOMAD-0064,NOMAD-0064 - Just Jack - The Day I Died,confirmed,high,03 - The day i died.mp3,mp3,NOMAD-0064 - Just Jack - The Day I Died/03 - The day i died.mp3,-19.6,-50.1,30.5,2,
NOMAD-0065,NOMAD-0065 - Just Jack - Writers Block,confirmed,high,01 - Writers Block.mp3,mp3,NOMAD-0065 - Just Jack - Writers Block/01 - Writers Block.mp3,-22.6,-43.0,20.4,2,
NOMAD-0066,"NOMAD-0066 - Los Campesinos! - This Is How You Spell ""HAHAHA, We Destroyed the Hopes and Dreams of a Generation of Faux-Romantics""",confirmed,high,"07 This is How You Spell _Hahaha, We Destroyed the Hopes and Dreams of a Generation of Faux-Romantics.mp3",mp3,"NOMAD-0066 - Los Campesinos! - This Is How You Spell ""HAHAHA, We Destroyed the Hopes and Dreams of a Generation of Faux-Romantics""/07 This is How You Spell _Hahaha, We Destroyed the Hopes and Dreams of a Generation of Faux-Romantics.mp3",-20.1,-40.4,20.3,2,
NOMAD-0067,"NOMAD-0067 - Los Campesinos! - 2007, The Year Punk Broke (My Heart)",confirmed,low,12 2007_ The Year Punk Broke (My Heart).mp3,mp3,"NOMAD-0067 - Los Campesinos! - 2007, The Year Punk Broke (My Heart)/12 2007_ The Year Punk Broke (My Heart).mp3",-29.1,,,1,
NOMAD-0068,NOMAD-0068 - Los Campesinos! - And We Exhale and Roll Our Eyes in Unison,confirmed,high,10 ...And We Exhale and Roll Our Eyes in Unison.mp3,mp3,NOMAD-0068 - Los Campesinos! - And We Exhale and Roll Our Eyes in Unison/10 ...And We Exhale and Roll Our Eyes in Unison.mp3,-18.7,-51.8,33.1,2,
NOMAD-0069,NOMAD-0069 - Los Campesinos! - Broken Heartbeats Sounds Like Breakbeats,confirmed,high,02 Broken Heartbeats Sounds Like Breakbeats.mp3,mp3,NOMAD-0069 - Los Campesinos! - Broken Heartbeats Sounds Like Breakbeats/02 Broken Heartbeats Sounds Like Breakbeats.mp3,-18.7,-40.6,21.9,2,
NOMAD-0070,NOMAD-0070 - Los Campesinos! - Death to Los Campesinos!,confirmed,high,01 Death to Los Campesinos!.mp3,mp3,NOMAD-0070 - Los Campesinos! - Death to Los Campesinos!/01 Death to Los Campesinos!.mp3,-20.8,-56.1,35.3,2,
NOMAD-0071,NOMAD-0071 - Los Campesinos! - Don't Tell Me to Do the Math(s),confirmed,high,03 Don't tell Me to Do the Math(s).mp3,mp3,NOMAD-0071 - Los Campesinos! - Don't Tell Me to Do the Math(s)/03 Don't tell Me to Do the Math(s).mp3,-19.4,-41.6,22.2,2,
NOMAD-0072,NOMAD-0072 - Los Campesinos! - Drop It Doe Eyes,confirmed,high,04 Drop It Doe Eyes.mp3,mp3,NOMAD-0072 - Los Campesinos! - Drop It Doe Eyes/04 Drop It Doe Eyes.mp3,-20.9,-66.7,45.8,2,
NOMAD-0073,NOMAD-0073 - Los Campesinos! - Knee Deep At ATP,confirmed,high,06 Knee Deep At ATP.mp3,mp3,NOMAD-0073 - Los Campesinos! - Knee Deep At ATP/06 Knee Deep At ATP.mp3,-21.3,-45.1,23.8,2,
NOMAD-0074,NOMAD-0074 - Los Campesinos! - My Year In Lists,confirmed,high,05 My Year In Lists.mp3,mp3,NOMAD-0074 - Los Campesinos! - My Year In Lists/05 My Year In Lists.mp3,-18.7,-34.1,15.4,2,
NOMAD-0075,"NOMAD-0075 - Los Campesinos! - Sweet Dreams, Sweet Cheeks",confirmed,high,"11 Sweet Dreams, Sweet Cheeks.mp3",mp3,"NOMAD-0075 - Los Campesinos! - Sweet Dreams, Sweet Cheeks/11 Sweet Dreams, Sweet Cheeks.mp3",-19.0,-42.4,23.4,2,
NOMAD-0076,NOMAD-0076 - Los Campesinos! - We Are All Accelerated Readers,confirmed,high,08 We Are All Accelerated Readers.mp3,mp3,NOMAD-0076 - Los Campesinos! - We Are All Accelerated Readers/08 We Are All Accelerated Readers.mp3,-19.9,-49.1,29.2,2,
NOMAD-0077,NOMAD-0077 - Los Campesinos! - You! Me! Dancing!,confirmed,high,09 You! Me! Dancing!.mp3,mp3,NOMAD-0077 - Los Campesinos! - You! Me! Dancing!/09 You! Me! Dancing!.mp3,-21.7,-52.3,30.6,2,
NOMAD-0078,NOMAD-0078 - Mew - 156,no_source,none,,,,,,,1,
NOMAD-0079,NOMAD-0079 - Mew - Am I Wry? No,confirmed,low,01 Am I Wry  No.mp3,mp3,NOMAD-0079 - Mew - Am I Wry? No/01 Am I Wry  No.mp3,-24.0,,,1,
NOMAD-0080,NOMAD-0080 - Mew - Behind the Drapes,confirmed,high,05 Behind the Drapes.mp3,mp3,NOMAD-0080 - Mew - Behind the Drapes/05 Behind the Drapes.mp3,-21.4,-39.9,18.5,2,
NOMAD-0081,NOMAD-0081 - Mew - Comforting Sounds,confirmed,low,Mew - Comforting Sounds.mp3,mp3,NOMAD-0081 - Mew - Comforting Sounds/Mew - Comforting Sounds.mp3,-24.0,-24.0,0.0,2,
NOMAD-0082,"NOMAD-0082 - Mew - Eight Flew Over, One was Destroyed",confirmed,high,"07 Eight Flew Over, One was Destroyed.mp3",mp3,"NOMAD-0082 - Mew - Eight Flew Over, One was Destroyed/07 Eight Flew Over, One was Destroyed.mp3",-23.3,-48.7,25.4,2,
NOMAD-0083,NOMAD-0083 - Mew - Her Voice is Beyond Her Years,confirmed,high,06 Her Voice is Beyond Her Years.mp3,mp3,NOMAD-0083 - Mew - Her Voice is Beyond Her Years/06 Her Voice is Beyond Her Years.mp3,-24.1,-47.4,23.3,2,
NOMAD-0084,NOMAD-0084 - Mew - She Came Home for Christmas,confirmed,high,08 She Came Home for Christmas.mp3,mp3,NOMAD-0084 - Mew - She Came Home for Christmas/08 She Came Home for Christmas.mp3,-20.4,-38.4,18.0,2,
NOMAD-0085,NOMAD-0085 - Mew - She Spider,confirmed,high,09 She Spider.mp3,mp3,NOMAD-0085 - Mew - She Spider/09 She Spider.mp3,-22.5,-50.3,27.8,2,
NOMAD-0086,NOMAD-0086 - Mew - Snow Brigade,confirmed,high,03 Snow Brigade.mp3,mp3,NOMAD-0086 - Mew - Snow Brigade/03 Snow Brigade.mp3,-23.3,-38.1,14.8,2,
NOMAD-0087,NOMAD-0087 - Mew - Symmetry,confirmed,high,04 Symmetry.mp3,mp3,NOMAD-0087 - Mew - Symmetry/04 Symmetry.mp3,-21.0,-44.1,23.1,2,
NOMAD-0088,NOMAD-0088 - of Montreal - Gronlandic Edit,confirmed,high,05 - Gronlandic Edit.mp3,mp3,NOMAD-0088 - of Montreal - Gronlandic Edit/05 - Gronlandic Edit.mp3,-20.0,-77.3,57.3,2,
NOMAD-0089,NOMAD-0089 - Idlewild - (I Am) What I Am Not,confirmed,high,05 - (I Am) What I Am Not.mp3,mp3,NOMAD-0089 - Idlewild - (I Am) What I Am Not/05 - (I Am) What I Am Not.mp3,-20.1,-62.1,42.0,2,
NOMAD-0090,NOMAD-0090 - Idlewild - A Modern Way of Letting Go,confirmed,high,02 - A Modern Way of Letting Go.mp3,mp3,NOMAD-0090 - Idlewild - A Modern Way of Letting Go/02 - A Modern Way of Letting Go.mp3,-19.0,-76.7,57.7,2,
NOMAD-0091,NOMAD-0091 - Idlewild - Actually It's Darkness,confirmed,high,08 Actually It's Darkness.mp3,mp3,NOMAD-0091 - Idlewild - Actually It's Darkness/08 Actually It's Darkness.mp3,-20.0,-53.6,33.6,2,
NOMAD-0092,NOMAD-0092 - Idlewild - American English,confirmed,high,03 - American English.mp3,mp3,NOMAD-0092 - Idlewild - American English/03 - American English.mp3,-17.9,-54.3,36.4,2,
NOMAD-0093,NOMAD-0093 - Idlewild - Century After Century,confirmed,high,08 - Century After Century.mp3,mp3,NOMAD-0093 - Idlewild - Century After Century/08 - Century After Century.mp3,-20.0,-45.8,25.8,2,
NOMAD-0094,NOMAD-0094 - Idlewild - I Don't Have The Map,confirmed,high,02 I Don't Have The Map.mp3,mp3,NOMAD-0094 - Idlewild - I Don't Have The Map/02 I Don't Have The Map.mp3,-21.6,-78.8,57.2,2,
NOMAD-0095,NOMAD-0095 - Idlewild - I Never Wanted,confirmed,high,04 - I Never Wanted.mp3,mp3,NOMAD-0095 - Idlewild - I Never Wanted/04 - I Never Wanted.mp3,-19.4,-57.2,37.8,2,
NOMAD-0096,NOMAD-0096 - Idlewild - Idea Track,confirmed,high,05 Idea Track.mp3,mp3,NOMAD-0096 - Idlewild - Idea Track/05 Idea Track.mp3,-22.3,-38.5,16.2,2,
NOMAD-0097,"NOMAD-0097 - Idlewild - In Remote Part , Scottish Fiction",confirmed,high,"11 - In Remote Part , Scottish Fiction.mp3",mp3,"NOMAD-0097 - Idlewild - In Remote Part , Scottish Fiction/11 - In Remote Part , Scottish Fiction.mp3",-23.7,-38.3,14.6,2,
NOMAD-0098,NOMAD-0098 - Idlewild - Let Me Sleep (Next To The Mirror),confirmed,high,06 Let Me Sleep (Next To The Mirror).mp3,mp3,NOMAD-0098 - Idlewild - Let Me Sleep (Next To The Mirror)/06 Let Me Sleep (Next To The Mirror).mp3,-20.0,-48.5,28.5,2,
NOMAD-0099,NOMAD-0099 - Idlewild - Listen To What You've Got,confirmed,high,07 Listen To What You've Got.mp3,mp3,NOMAD-0099 - Idlewild - Listen To What You've Got/07 Listen To What You've Got.mp3,-22.0,-91.0,69.0,2,
NOMAD-0100,NOMAD-0100 - Idlewild - Little Discourage,confirmed,high,01 Little Discourage.mp3,mp3,NOMAD-0100 - Idlewild - Little Discourage/01 Little Discourage.mp3,-19.7,-84.3,64.6,2,
NOMAD-0101,NOMAD-0101 - Idlewild - Live in a Hiding Place,confirmed,high,06 - Live in a Hiding Place.mp3,mp3,NOMAD-0101 - Idlewild - Live in a Hiding Place/06 - Live in a Hiding Place.mp3,-19.2,-75.1,55.9,2,
NOMAD-0102,NOMAD-0102 - Idlewild - Mistake Pageant,confirmed,high,10 Mistake Pageant.mp3,mp3,NOMAD-0102 - Idlewild - Mistake Pageant/10 Mistake Pageant.mp3,-19.8,-87.3,67.5,2,
NOMAD-0103,NOMAD-0103 - Idlewild - Out of Routine,confirmed,low,07 - Out of Routine.mp3,mp3,NOMAD-0103 - Idlewild - Out of Routine/07 - Out of Routine.mp3,-18.6,-18.6,0.0,2,
NOMAD-0104,NOMAD-0104 - Idlewild - Quiet Crown,confirmed,high,11 Quiet Crown.mp3,mp3,NOMAD-0104 - Idlewild - Quiet Crown/11 Quiet Crown.mp3,-21.7,-54.7,33.0,2,
NOMAD-0105,NOMAD-0105 - Idlewild - Roseability,confirmed,high,04 Roseability.mp3,mp3,NOMAD-0105 - Idlewild - Roseability/04 Roseability.mp3,-21.2,-79.2,58.0,2,
NOMAD-0106,NOMAD-0106 - Idlewild - Rusty,confirmed,high,09 Rusty.mp3,mp3,NOMAD-0106 - Idlewild - Rusty/09 Rusty.mp3,-22.4,-65.5,43.1,2,
NOMAD-0107,NOMAD-0107 - Idlewild - Stay the Same,confirmed,high,10 - Stay the Same.mp3,mp3,NOMAD-0107 - Idlewild - Stay the Same/10 - Stay the Same.mp3,-21.0,-41.9,20.9,2,
NOMAD-0108,NOMAD-0108 - Idlewild - Tell Me Ten Words,confirmed,high,09 - Tell Me Ten Words.mp3,mp3,NOMAD-0108 - Idlewild - Tell Me Ten Words/09 - Tell Me Ten Words.mp3,-18.5,-46.2,27.7,2,
NOMAD-0109,NOMAD-0109 - Idlewild - The Bronze Medal,confirmed,high,12 The Bronze Medal.mp3,mp3,NOMAD-0109 - Idlewild - The Bronze Medal/12 The Bronze Medal.mp3,-20.3,-53.7,33.4,2,
NOMAD-0110,NOMAD-0110 - Idlewild - These Wooden Ideas,confirmed,high,03 These Wooden Ideas.mp3,mp3,NOMAD-0110 - Idlewild - These Wooden Ideas/03 These Wooden Ideas.mp3,-21.1,-65.9,44.8,2,
NOMAD-0111,NOMAD-0111 - Idlewild - You Held the World in Your Arms,confirmed,high,01 - You Held the World in Your Arms.mp3,mp3,NOMAD-0111 - Idlewild - You Held the World in Your Arms/01 - You Held the World in Your Arms.mp3,-18.3,-45.8,27.5,2,
NOMAD-0112,NOMAD-0112 - Los Campesinos! - A Heat Rash in the Shape of the Show Me State,confirmed,low,"12 - A Heat Rash in the Shape of the Show-Me State,,,.mp3",mp3,"NOMAD-0112 - Los Campesinos! - A Heat Rash in the Shape of the Show Me State/12 - A Heat Rash in the Shape of the Show-Me State,,,.mp3",-19.8,-19.8,0.0,2,
NOMAD-0113,NOMAD-0113 - Los Campesinos! - All Your Kayfabe Friends,confirmed,high,10 All Your Kayfabe Friends.mp3,mp3,NOMAD-0113 - Los Campesinos! - All Your Kayfabe Friends/10 All Your Kayfabe Friends.mp3,-19.9,-45.4,25.5,2,
NOMAD-0114,NOMAD-0114 - Los Campesinos! - Coda A Burn Scar in the Shape of the Sooner State,confirmed,high,15 - Coda- A Burn Scar in the Shape of the Sooner State.mp3,mp3,NOMAD-0114 - Los Campesinos! - Coda A Burn Scar in the Shape of the Sooner State/15 - Coda- A Burn Scar in the Shape of the Sooner State.mp3,-21.4,-34.2,12.8,2,
NOMAD-0115,NOMAD-0115 - Los Campesinos! - Documented Minor Emotional Breakdown #1,confirmed,high,08 Documented Minor Emotional Breakdown #1.mp3,mp3,NOMAD-0115 - Los Campesinos! - Documented Minor Emotional Breakdown #1/08 Documented Minor Emotional Breakdown #1.mp3,-23.3,-37.8,14.5,2,
NOMAD-0116,NOMAD-0116 - Los Campesinos! - Heart Swells:100-1,confirmed,high,10 - Heart Swells_100-1.mp3,mp3,NOMAD-0116 - Los Campesinos! - Heart Swells:100-1/10 - Heart Swells_100-1.mp3,-27.2,-34.1,6.9,2,
NOMAD-0117,NOMAD-0117 - Los Campesinos! - Heart Swells ／ Pacific Daylight Time,confirmed,high,09 Heart Swells ／ Pacific Daylight Time.mp3,mp3,NOMAD-0117 - Los Campesinos! - Heart Swells ／ Pacific Daylight Time/09 Heart Swells ／ Pacific Daylight Time.mp3,-24.1,-42.9,18.8,2,
NOMAD-0118,"NOMAD-0118 - Los Campesinos! - I Just Sighed, I Just Signed, Just So You Know",confirmed,high,"11 - I Just Sighed, I Just Signed, Just So You Know.mp3",mp3,"NOMAD-0118 - Los Campesinos! - I Just Sighed, I Just Signed, Just So You Know/11 - I Just Sighed, I Just Signed, Just So You Know.mp3",-21.9,-42.8,20.9,2,
NOMAD-0119,"NOMAD-0119 - Los Campesinos! - I Warned You, Do Not Make an Enemy of Me",confirmed,high,09 - I Warned You- Do Not Make an Enemy of Me.mp3,mp3,"NOMAD-0119 - Los Campesinos! - I Warned You, Do Not Make an Enemy of Me/09 - I Warned You- Do Not Make an Enemy of Me.mp3",-21.0,-53.4,32.4,2,
NOMAD-0120,NOMAD-0120 - Los Campesinos! - In Medias Res,confirmed,low,Los Campesinos! - In Medias Res.mp3,mp3,NOMAD-0120 - Los Campesinos! - In Medias Res/Los Campesinos! - In Medias Res.mp3,-21.3,-22.8,1.5,2,
NOMAD-0121,"NOMAD-0121 - Los Campesinos! - It's Never That Easy Though, Is It (Song For The Other Kurt)",confirmed,high,"06 It's Never That Easy Though, Is It (Song For The Other Kurt).mp3",mp3,"NOMAD-0121 - Los Campesinos! - It's Never That Easy Though, Is It (Song For The Other Kurt)/06 It's Never That Easy Though, Is It (Song For The Other Kurt).mp3",-21.2,-46.8,25.6,2,
NOMAD-0122,NOMAD-0122 - Los Campesinos! - Miserabilia,confirmed,high,02 Miserabilia.mp3,mp3,NOMAD-0122 - Los Campesinos! - Miserabilia/02 Miserabilia.mp3,-21.4,-43.4,22.0,2,
NOMAD-0123,NOMAD-0123 - Los Campesinos! - Plan A,confirmed,high,05 - Plan A.mp3,mp3,NOMAD-0123 - Los Campesinos! - Plan A/05 - Plan A.mp3,-17.4,-38.5,21.1,2,
NOMAD-0124,NOMAD-0124 - Los Campesinos! - Romance is Boring,confirmed,high,03 - Romance is Boring.mp3,mp3,NOMAD-0124 - Los Campesinos! - Romance is Boring/03 - Romance is Boring.mp3,-19.2,-40.7,21.5,2,
NOMAD-0125,NOMAD-0125 - Los Campesinos! - Straight in at 101,confirmed,high,07 - Straight in at 101.mp3,mp3,NOMAD-0125 - Los Campesinos! - Straight in at 101/07 - Straight in at 101.mp3,-19.1,-42.0,22.9,2,
NOMAD-0126,NOMAD-0126 - Los Campesinos! - The End Of The Asterisk,confirmed,high,07 The End Of The Asterisk.mp3,mp3,NOMAD-0126 - Los Campesinos! - The End Of The Asterisk/07 The End Of The Asterisk.mp3,-20.2,-41.9,21.7,2,
NOMAD-0127,NOMAD-0127 - Los Campesinos! - The Sea is a Good Place to Think of the Future,confirmed,high,13 - The Sea is a Good Place to Think of the Future.mp3,mp3,NOMAD-0127 - Los Campesinos! - The Sea is a Good Place to Think of the Future/13 - The Sea is a Good Place to Think of the Future.mp3,-19.2,-39.6,20.4,2,
NOMAD-0128,NOMAD-0128 - Los Campesinos! - There Are Listed Buildings,confirmed,high,02 - There Are Listed Buildings.mp3,mp3,NOMAD-0128 - Los Campesinos! - There Are Listed Buildings/02 - There Are Listed Buildings.mp3,-18.4,-30.2,11.8,2,
NOMAD-0129,"NOMAD-0129 - Los Campesinos! - This is a Flag, There is No Wind",confirmed,high,"14 - This is a Flag, There is No Wind.mp3",mp3,"NOMAD-0129 - Los Campesinos! - This is a Flag, There is No Wind/14 - This is a Flag, There is No Wind.mp3",-21.0,-64.3,43.3,2,
NOMAD-0130,NOMAD-0130 - Los Campesinos! - Ways To Make It Through The Wall,confirmed,high,01 Ways To Make It Through The Wall.mp3,mp3,NOMAD-0130 - Los Campesinos! - Ways To Make It Through The Wall/01 Ways To Make It Through The Wall.mp3,-20.6,-43.8,23.2,2,
NOMAD-0131,"NOMAD-0131 - Los Campesinos! - We Are Beautiful, We Are Doomed",confirmed,high,"03 We Are Beautiful, We Are Doomed.mp3",mp3,"NOMAD-0131 - Los Campesinos! - We Are Beautiful, We Are Doomed/03 We Are Beautiful, We Are Doomed.mp3",-20.9,-38.6,17.7,2,
NOMAD-0132,NOMAD-0132 - Los Campesinos! - We've Got Your Back,confirmed,high,"04 - We've Got Your Back,,,.mp3",mp3,"NOMAD-0132 - Los Campesinos! - We've Got Your Back/04 - We've Got Your Back,,,.mp3",-21.3,-42.4,21.1,2,
NOMAD-0133,NOMAD-0133 - Los Campesinos! - Who Fell Asleep In,confirmed,high,08 - Who Fell Asleep In.mp3,mp3,NOMAD-0133 - Los Campesinos! - Who Fell Asleep In/08 - Who Fell Asleep In.mp3,-18.9,-47.3,28.4,2,
NOMAD-0134,NOMAD-0134 - Los Campesinos! - You'll Need Those Fingers For Crossing,confirmed,high,05 You'll Need Those Fingers For Crossing.mp3,mp3,NOMAD-0134 - Los Campesinos! - You'll Need Those Fingers For Crossing/05 You'll Need Those Fingers For Crossing.mp3,-21.4,-32.2,10.8,2,
NOMAD-0135,NOMAD-0135 - Miracles of Modern Science - Bossa Supernova,confirmed,low,11 Bossa Supernova.flac,flac,NOMAD-0135 - Miracles of Modern Science - Bossa Supernova/11 Bossa Supernova.flac,-22.4,-22.5,0.1,3,
NOMAD-0136,NOMAD-0136 - Miracles of Modern Science - Eating Me Alive,confirmed,low,04 Eating Me Alive.flac,flac,NOMAD-0136 - Miracles of Modern Science - Eating Me Alive/04 Eating Me Alive.flac,-22.6,-22.6,0.0,3,
NOMAD-0137,NOMAD-0137 - Miracles of Modern Science - Friend Of The Animals,confirmed,low,07 Friend Of The Animals.flac,flac,NOMAD-0137 - Miracles of Modern Science - Friend Of The Animals/07 Friend Of The Animals.flac,-22.4,-22.4,0.0,3,
NOMAD-0138,NOMAD-0138 - Miracles of Modern Science - I Found Space,confirmed,low,09 I Found Space.flac,flac,NOMAD-0138 - Miracles of Modern Science - I Found Space/09 I Found Space.flac,-21.9,-21.9,0.0,3,
NOMAD-0139,NOMAD-0139 - Miracles of Modern Science - Luminol,confirmed,low,06 Luminol.flac,flac,NOMAD-0139 - Miracles of Modern Science - Luminol/06 Luminol.flac,-20.7,-20.7,0.0,3,
NOMAD-0140,NOMAD-0140 - Miracles of Modern Science - MOMS AWAY!,confirmed,low,01 MOMS AWAY!.flac,flac,NOMAD-0140 - Miracles of Modern Science - MOMS AWAY!/01 MOMS AWAY!.flac,-24.0,-24.0,0.0,3,
NOMAD-0141,NOMAD-0141 - Miracles of Modern Science - Quantum Of Solace,confirmed,low,05 Quantum Of Solace.flac,flac,NOMAD-0141 - Miracles of Modern Science - Quantum Of Solace/05 Quantum Of Solace.flac,-24.0,-24.0,0.0,3,
NOMAD-0142,NOMAD-0142 - Miracles of Modern Science - Secret Track,confirmed,low,12 Secret Track.mp3,mp3,NOMAD-0142 - Miracles of Modern Science - Secret Track/12 Secret Track.mp3,-23.2,-23.3,0.1,3,
NOMAD-0143,NOMAD-0143 - Miracles of Modern Science - Space Chopper,confirmed,low,08 Space Chopper.flac,flac,NOMAD-0143 - Miracles of Modern Science - Space Chopper/08 Space Chopper.flac,-23.2,-23.2,0.0,3,
NOMAD-0144,NOMAD-0144 - Miracles of Modern Science - Strangerous,confirmed,low,02 Strangerous.flac,flac,NOMAD-0144 - Miracles of Modern Science - Strangerous/02 Strangerous.flac,-22.5,-22.5,0.0,3,
NOMAD-0145,NOMAD-0145 - Miracles of Modern Science - Tensity,confirmed,low,03 Tensity.flac,flac,NOMAD-0145 - Miracles of Modern Science - Tensity/03 Tensity.flac,-24.4,-24.4,0.0,3,
NOMAD-0146,NOMAD-0146 - Miracles of Modern Science - The Moon & Australia,confirmed,low,10 The Moon & Australia.flac,flac,NOMAD-0146 - Miracles of Modern Science - The Moon & Australia/10 The Moon & Australia.flac,-32.6,-32.6,0.0,3,
NOMAD-0147,NOMAD-0147 - Nia Archives - (Over)Thinking,confirmed,low,02 - (Over)Thinking.flac,flac,NOMAD-0147 - Nia Archives - (Over)Thinking/02 - (Over)Thinking.flac,-21.6,-21.6,0.0,3,
NOMAD-0148,NOMAD-0148 - Nia Archives - 18 & Over,confirmed,low,03. 18 & Over.flac,flac,NOMAD-0148 - Nia Archives - 18 & Over/03. 18 & Over.flac,-26.2,-26.1,0.1,3,
NOMAD-0149,NOMAD-0149 - Nia Archives - Crossroads,confirmed,low,03 - Crossroads.flac,flac,NOMAD-0149 - Nia Archives - Crossroads/03 - Crossroads.flac,-16.2,-16.1,0.1,3,
NOMAD-0150,NOMAD-0150 - Nia Archives - Don't Kid Urself,confirmed,low,05 - Don't Kid Urself.flac,flac,NOMAD-0150 - Nia Archives - Don't Kid Urself/05 - Don't Kid Urself.flac,-20.7,-20.7,0.0,3,
NOMAD-0151,NOMAD-0151 - Nia Archives - Gud Gudbyez,confirmed,low,06. Gud Gudbyez.flac,flac,NOMAD-0151 - Nia Archives - Gud Gudbyez/06. Gud Gudbyez.flac,-24.0,-24.0,0.0,3,
NOMAD-0152,NOMAD-0152 - Nia Archives - Headz Gone West,confirmed,low,01 - Headz Gone West.flac,flac,NOMAD-0152 - Nia Archives - Headz Gone West/01 - Headz Gone West.flac,-19.6,-19.6,0.0,3,
NOMAD-0153,NOMAD-0153 - Nia Archives - Luv Like,confirmed,low,04. Luv Like.flac,flac,NOMAD-0153 - Nia Archives - Luv Like/04. Luv Like.flac,-21.8,-21.8,0.0,3,
NOMAD-0154,NOMAD-0154 - Nia Archives - Part Of Me,confirmed,low,05. Part Of Me.flac,flac,NOMAD-0154 - Nia Archives - Part Of Me/05. Part Of Me.flac,-20.6,-20.6,0.0,3,
NOMAD-0155,NOMAD-0155 - Nia Archives - Sober Feels,confirmed,low,04 - Sober Feels.flac,flac,NOMAD-0155 - Nia Archives - Sober Feels/04 - Sober Feels.flac,-22.6,-22.6,0.0,3,
NOMAD-0156,NOMAD-0156 - This Is Me Smiling - A Better Way to Fall in Love,confirmed,low,04 - A Better Way to Fall in Love.flac,flac,NOMAD-0156 - This Is Me Smiling - A Better Way to Fall in Love/04 - A Better Way to Fall in Love.flac,-21.2,-21.2,0.0,3,
NOMAD-0157,NOMAD-0157 - This Is Me Smiling - Alive in the Chase,confirmed,low,13 - Alive in the Chase.flac,flac,NOMAD-0157 - This Is Me Smiling - Alive in the Chase/13 - Alive in the Chase.flac,-24.5,-24.5,0.0,3,
NOMAD-0158,NOMAD-0158 - This Is Me Smiling - Ephemera,confirmed,low,01 - Ephemera.flac,flac,NOMAD-0158 - This Is Me Smiling - Ephemera/01 - Ephemera.flac,-23.7,-23.7,0.0,3,
NOMAD-0159,NOMAD-0159 - This Is Me Smiling - Feelin' the Time Pass By,confirmed,low,02 - Feelin' the Time Pass By.flac,flac,NOMAD-0159 - This Is Me Smiling - Feelin' the Time Pass By/02 - Feelin' the Time Pass By.flac,-21.0,-20.9,0.1,3,
NOMAD-0160,NOMAD-0160 - This Is Me Smiling - For When You Don't Hear It Right,confirmed,low,12 - For When You Don't Hear It Right.flac,flac,NOMAD-0160 - This Is Me Smiling - For When You Don't Hear It Right/12 - For When You Don't Hear It Right.flac,-19.8,-19.7,0.1,3,
NOMAD-0161,NOMAD-0161 - This Is Me Smiling - Goodbye to Each New Day,confirmed,low,05 - Goodbye to Each New Day.flac,flac,NOMAD-0161 - This Is Me Smiling - Goodbye to Each New Day/05 - Goodbye to Each New Day.flac,-21.6,-21.6,0.0,3,
NOMAD-0162,NOMAD-0162 - This Is Me Smiling - Matter to Matter,confirmed,low,06 - Matter to Matter.flac,flac,NOMAD-0162 - This Is Me Smiling - Matter to Matter/06 - Matter to Matter.flac,-18.9,-18.9,0.0,3,
NOMAD-0163,NOMAD-0163 - This Is Me Smiling - Mixin' Up Adjectives,confirmed,low,09 - Mixin' Up Adjectives.flac,flac,NOMAD-0163 - This Is Me Smiling - Mixin' Up Adjectives/09 - Mixin' Up Adjectives.flac,-20.3,-20.4,0.1,3,
NOMAD-0164,NOMAD-0164 - This Is Me Smiling - Say What You're Gonna Say,confirmed,low,10 - Say What You're Gonna Say.flac,flac,NOMAD-0164 - This Is Me Smiling - Say What You're Gonna Say/10 - Say What You're Gonna Say.flac,-19.7,-19.7,0.0,3,
NOMAD-0165,NOMAD-0165 - This Is Me Smiling - So Excited to Sleep,confirmed,low,07 - So Excited to Sleep.flac,flac,NOMAD-0165 - This Is Me Smiling - So Excited to Sleep/07 - So Excited to Sleep.flac,-20.9,-20.9,0.0,3,
NOMAD-0166,NOMAD-0166 - This Is Me Smiling - Up in All Directions,confirmed,low,08 - Up in All Directions.flac,flac,NOMAD-0166 - This Is Me Smiling - Up in All Directions/08 - Up in All Directions.flac,-21.3,-21.4,0.1,3,
NOMAD-0167,NOMAD-0167 - Bug Hunter - Dear McCracken,confirmed,low,Dear McCracken Orig.wav,wav,NOMAD-0167 - Bug Hunter - Dear McCracken/Dear McCracken Orig.wav,-18.2,-18.2,0.0,7,
NOMAD-0168,NOMAD-0168 - Ken Ashcorp - Burgz,confirmed,low,Ken Ashcorp - Burgz [ioTQ7erZD1c].wav,wav,NOMAD-0168 - Ken Ashcorp - Burgz/Ken Ashcorp - Burgz [ioTQ7erZD1c].wav,-18.7,-18.7,0.0,3,
NOMAD-0169,NOMAD-0169 - Ken Ashcorp - Absolute Territory,confirmed,low,Ken Ashcorp - Absolute Territory.wav,wav,NOMAD-0169 - Ken Ashcorp - Absolute Territory/Ken Ashcorp - Absolute Territory.wav,-24.5,-24.5,0.0,3,
NOMAD-0170,NOMAD-0170 - Ken Ashcorp - I'm Your Slave,confirmed,low,Ken Ashcorp - I'm Your Slave [oC0A-cEY-1Q].wav,wav,NOMAD-0170 - Ken Ashcorp - I'm Your Slave/Ken Ashcorp - I'm Your Slave [oC0A-cEY-1Q].wav,-17.7,-17.7,0.0,3,
NOMAD-0171,NOMAD-0171 - Mew - A Dark Design,confirmed,low,08 - A Dark Design.wav,wav,NOMAD-0171 - Mew - A Dark Design/08 - A Dark Design.wav,-20.2,-20.2,0.0,3,
NOMAD-0172,NOMAD-0172 - Mew - An Envoy To The Open Fields,confirmed,low,10 - An Envoy To The Open Fields.wav,wav,NOMAD-0172 - Mew - An Envoy To The Open Fields/10 - An Envoy To The Open Fields.wav,-21.4,-21.4,0.0,3,
NOMAD-0173,NOMAD-0173 - Mew - Apocalypso,confirmed,low,05 - Apocalypso.wav,wav,NOMAD-0173 - Mew - Apocalypso/05 - Apocalypso.wav,-22.1,-22.1,0.0,3,
NOMAD-0174,NOMAD-0174 - Mew - Chinaberry Tree,confirmed,low,02 - Chinaberry Tree.wav,wav,NOMAD-0174 - Mew - Chinaberry Tree/02 - Chinaberry Tree.wav,-22.4,-22.5,0.1,3,
NOMAD-0175,NOMAD-0175 - Mew - Fox Cub,confirmed,low,04 - Fox Cub.wav,wav,NOMAD-0175 - Mew - Fox Cub/04 - Fox Cub.wav,-30.2,-30.2,0.0,3,
NOMAD-0176,NOMAD-0176 - Mew - Louise Louisa,confirmed,low,14 - Louise Louisa.wav,wav,NOMAD-0176 - Mew - Louise Louisa/14 - Louise Louisa.wav,-28.8,-28.8,0.0,3,
NOMAD-0177,NOMAD-0177 - Mew - Saviours Of Jazz Ballet,confirmed,low,"09 - Saviours Of Jazz Ballet [Fear Me, December].wav",wav,"NOMAD-0177 - Mew - Saviours Of Jazz Ballet/09 - Saviours Of Jazz Ballet [Fear Me, December].wav",-24.4,-24.4,0.0,3,
NOMAD-0178,NOMAD-0178 - Mew - Special,confirmed,low,06 - Special.wav,wav,NOMAD-0178 - Mew - Special/06 - Special.wav,-19.6,-19.6,0.0,3,
NOMAD-0179,NOMAD-0179 - Mew - The Seething Rain Weeps For You,confirmed,low,12 - The Seething Rain Weeps For You [Uda Pruda].wav,wav,NOMAD-0179 - Mew - The Seething Rain Weeps For You/12 - The Seething Rain Weeps For You [Uda Pruda].wav,-21.0,-21.0,0.0,3,
NOMAD-0180,NOMAD-0180 - Mew - The Zookeeper's Boy,confirmed,low,07 - The Zookeeper's Boy.wav,wav,NOMAD-0180 - Mew - The Zookeeper's Boy/07 - The Zookeeper's Boy.wav,-19.8,-19.8,0.0,3,
NOMAD-0181,NOMAD-0181 - Mew - White Lips Kissed,confirmed,low,13 - White Lips Kissed.wav,wav,NOMAD-0181 - Mew - White Lips Kissed/13 - White Lips Kissed.wav,-24.6,-24.6,0.0,3,
NOMAD-0182,NOMAD-0182 - Mew - Why Are You Looking Grave,confirmed,low,03 - Why Are You Looking Grave .wav,wav,NOMAD-0182 - Mew - Why Are You Looking Grave/03 - Why Are You Looking Grave .wav,-22.0,-22.0,0.0,3,
NOMAD-0183,NOMAD-0183 - Get Cape. Wear Cape. Fly - An Oak Tree,confirmed,low,02 - An Oak Tree.flac,flac,NOMAD-0183 - Get Cape. Wear Cape. Fly - An Oak Tree/02 - An Oak Tree.flac,-17.6,-17.6,0.0,3,
NOMAD-0184,NOMAD-0184 - Get Cape. Wear Cape. Fly - Call Me Ishmael,confirmed,low,10 - Call Me Ishmael.flac,flac,NOMAD-0184 - Get Cape. Wear Cape. Fly - Call Me Ishmael/10 - Call Me Ishmael.flac,-20.8,-20.8,0.0,3,
NOMAD-0185,NOMAD-0185 - Get Cape. Wear Cape. Fly - Get Cape. Wear Cape. Fly,confirmed,low,07 - Get Cape. Wear Cape. Fly.flac,flac,NOMAD-0185 - Get Cape. Wear Cape. Fly - Get Cape. Wear Cape. Fly/07 - Get Cape. Wear Cape. Fly.flac,-18.2,-18.2,0.0,3,
NOMAD-0186,NOMAD-0186 - Get Cape. Wear Cape. Fly - Glasshouses,confirmed,low,08 - Glasshouses.flac,flac,NOMAD-0186 - Get Cape. Wear Cape. Fly - Glasshouses/08 - Glasshouses.flac,-19.3,-19.3,0.0,3,
NOMAD-0187,NOMAD-0187 - Get Cape. Wear Cape. Fly - I-Spy,confirmed,low,04 - I-Spy.flac,flac,NOMAD-0187 - Get Cape. Wear Cape. Fly - I-Spy/04 - I-Spy.flac,-18.3,-18.3,0.0,3,
NOMAD-0188,NOMAD-0188 - Get Cape. Wear Cape. Fly - If I Had £1 For Every Stale Song Title I'd Be 30 Short Of Getting Out Of This Mess,confirmed,low,11 - If I Had £1 For Every Stale Song Title I'd Be 30 Short Of Getting Out Of This Mess.flac,flac,NOMAD-0188 - Get Cape. Wear Cape. Fly - If I Had £1 For Every Stale Song Title I'd Be 30 Short Of Getting Out Of This Mess/11 - If I Had £1 For Every Stale Song Title I'd Be 30 Short Of Getting Out Of This Mess.flac,-23.7,-23.7,0.0,3,
NOMAD-0189,NOMAD-0189 - Get Cape. Wear Cape. Fly - Once More With Feeling,confirmed,low,01 - Once More With Feeling.flac,flac,NOMAD-0189 - Get Cape. Wear Cape. Fly - Once More With Feeling/01 - Once More With Feeling.flac,-20.1,-20.1,0.0,3,
NOMAD-0190,NOMAD-0190 - Get Cape. Wear Cape. Fly - The Chronicles Of A Bohemian Teenager (Part Two),confirmed,low,03 - The Chronicles Of A Bohemian Teenager (Part Two).flac,flac,NOMAD-0190 - Get Cape. Wear Cape. Fly - The Chronicles Of A Bohemian Teenager (Part Two)/03 - The Chronicles Of A Bohemian Teenager (Part Two).flac,-17.2,-17.2,0.0,3,
NOMAD-0191,NOMAD-0191 - Get Cape. Wear Cape. Fly - The Chronicles Of A Bohemian Teenager (Part One),confirmed,low,12 - The Chronicles Of A Bohemian Teenager (Part One).flac,flac,NOMAD-0191 - Get Cape. Wear Cape. Fly - The Chronicles Of A Bohemian Teenager (Part One)/12 - The Chronicles Of A Bohemian Teenager (Part One).flac,-20.6,-20.6,0.0,3,
NOMAD-0192,NOMAD-0192 - Get Cape. Wear Cape. Fly - The Lighthousekeeper,confirmed,low,05 - The Lighthousekeeper.flac,flac,NOMAD-0192 - Get Cape. Wear Cape. Fly - The Lighthousekeeper/05 - The Lighthousekeeper.flac,-18.6,-18.6,0.0,3,
NOMAD-0193,NOMAD-0193 - Get Cape. Wear Cape. Fly - War Of The Worlds,confirmed,low,06 - War Of The Worlds.flac,flac,NOMAD-0193 - Get Cape. Wear Cape. Fly - War Of The Worlds/06 - War Of The Worlds.flac,-17.8,-17.8,0.0,3,
NOMAD-0194,NOMAD-0194 - Get Cape. Wear Cape. Fly - Whitewash Is Brainwash,confirmed,low,09 - Whitewash Is Brainwash.flac,flac,NOMAD-0194 - Get Cape. Wear Cape. Fly - Whitewash Is Brainwash/09 - Whitewash Is Brainwash.flac,-18.3,-18.3,0.0,3,
NOMAD-0195,NOMAD-0195 - Hi I'm Case - Smoke Damage (Youtube version),confirmed,low,Hi I'm Case - Smoke Damage.wav,wav,NOMAD-0195 - Hi I'm Case - Smoke Damage (Youtube version)/Hi I'm Case - Smoke Damage.wav,-21.6,-21.6,0.0,3,
NOMAD-0196,NOMAD-0196 - Ken Ashcorp - Wear,confirmed,low,Ken Ashcorp - Wear.wav,wav,NOMAD-0196 - Ken Ashcorp - Wear/Ken Ashcorp - Wear.wav,-22.0,-22.0,0.0,3,
NOMAD-0198,NOMAD-0198 - Neil Diamond - The Look Of Love,confirmed,low,2OvV_PaqoPk-Neil-Diamond-The-Look-Of-Love.wav,wav,NOMAD-0198 - Neil Diamond - The Look Of Love/2OvV_PaqoPk-Neil-Diamond-The-Look-Of-Love.wav,-22.8,,,1,
NOMAD-0201,NOMAD-0201 - Calum Scott - Dancing On My Own (Short Version),no_source,none,,,,,,,1,
NOMAD-0202,NOMAD-0202 - Ed Sheeran - Shivers (Short Version),no_source,none,,,,,,,1,
NOMAD-0203,NOMAD-0203 - Eminem - Without Me (Short Version),no_source,none,,,,,,,1,
NOMAD-0204,NOMAD-0204 - Gnarls Barkley - Crazy (Short Version),confirmed,low,Gnarls Barkley - Crazy (Short).wav,wav,NOMAD-0204 - Gnarls Barkley - Crazy (Short Version)/Gnarls Barkley - Crazy (Short).wav,-27.9,,,1,
NOMAD-0206,NOMAD-0206 - Kenny Loggins - Footloose (Short Version),confirmed,low,Kenny Loggins - Footloose_Short Instrumental.wav,wav,NOMAD-0206 - Kenny Loggins - Footloose (Short Version)/Kenny Loggins - Footloose_Short Instrumental.wav,-32.9,,,1,
NOMAD-0207,NOMAD-0207 - Kings Of Leon - Sex on Fire (Short Version),confirmed,low,Kings Of Leon - Sex on Fire (Short).wav,wav,NOMAD-0207 - Kings Of Leon - Sex on Fire (Short Version)/Kings Of Leon - Sex on Fire (Short).wav,-33.5,,,1,
NOMAD-0208,NOMAD-0208 - Lady Gaga - Born This Way (Short Version),no_source,none,,,,,,,1,
NOMAD-0209,NOMAD-0209 - Miley Cyrus - Jolene (Short Version),no_source,none,,,,,,,1,
NOMAD-0210,NOMAD-0210 - Miley Cyrus - Wrecking Ball (Short Version),no_source,none,,,,,,,1,
NOMAD-0211,NOMAD-0211 - Robbie Williams - Angels (Short Version),no_source,none,,,,,,,1,
NOMAD-0212,"NOMAD-0212 - Shakira - Whenever, Wherever (Short Version)",confirmed,low,"Shakira - Whenever, Wherever (Short).wav",wav,"NOMAD-0212 - Shakira - Whenever, Wherever (Short Version)/Shakira - Whenever, Wherever (Short).wav",-31.9,,,1,
NOMAD-0213,NOMAD-0213 - Shania Twain - Man! I Feel Like A Woman (Short Version),no_source,none,,,,,,,1,
NOMAD-0214,NOMAD-0214 - Shirley Bassey - Big Spender (Short Version),no_source,none,,,,,,,1,
NOMAD-0215,NOMAD-0215 - The Killers - Mr. Brightside (Short Version),confirmed,low,The Killers - Mr. Brightside_Short.wav,wav,NOMAD-0215 - The Killers - Mr. Brightside (Short Version)/The Killers - Mr. Brightside_Short.wav,-37.1,,,1,
NOMAD-0216,NOMAD-0216 - The Pussycat Dolls - Sway (Short Version),no_source,none,,,,,,,1,
NOMAD-0217,NOMAD-0217 - Twenty One Pilots - Stressed Out (Short Version),no_source,none,,,,,,,1,
NOMAD-0218,NOMAD-0218 - Wheatus - Teenage Dirtbag (Short Version),no_source,none,,,,,,,1,
NOMAD-0219,NOMAD-0219 - Christina Stürmer - Nie Genug,confirmed,low,kgoyd5ST6bE-Christina-Sturmer-Nie-Genug-offizielles-Video.wav,wav,NOMAD-0219 - Christina Stürmer - Nie Genug/kgoyd5ST6bE-Christina-Sturmer-Nie-Genug-offizielles-Video.wav,-23.4,,,1,
NOMAD-0220,NOMAD-0220 - James Brown - It's a Man's World (Short Version),confirmed,low,James Brown - It's A Man's Man's Man's World-H77fRz1rybs.wav,wav,NOMAD-0220 - James Brown - It's a Man's World (Short Version)/james-brown-it-s-a-man-s-man-s-man-s-world-youtube-H77fRz1rybs/James Brown - It's A Man's Man's Man's World-H77fRz1rybs.wav,-27.9,-27.8,0.1,3,
NOMAD-0221,NOMAD-0221 - Jerry Lee Lewis - Great Balls Of Fire (Short Version),confirmed,high,F569_t2jCio-Jerry-Lee-Lewis-Great-Balls-Of-Fire-1957-4K.wav,wav,NOMAD-0221 - Jerry Lee Lewis - Great Balls Of Fire (Short Version)/jerry-lee-lewis_great-balls-of-fire-youtube-F569-t2jCio/F569_t2jCio-Jerry-Lee-Lewis-Great-Balls-Of-Fire-1957-4K.wav,-21.9,-49.9,28.0,2,
NOMAD-0222,NOMAD-0222 - Melanie Martinez - Toxic (Short Version),confirmed,high,gPxcNl-iCUs-Toxic-The-Voice-Performance.wav,wav,NOMAD-0222 - Melanie Martinez - Toxic (Short Version)/melanie-martinez_toxic-youtube-gPxcNl-iCUs/gPxcNl-iCUs-Toxic-The-Voice-Performance.wav,-18.1,-48.2,30.1,2,
NOMAD-0223,NOMAD-0223 - Melissa Etheridge - Bring Me Some Water (Short Version),confirmed,high,1x2KbVmDiCU-Bring-Me-Some-Water-Melissa-Etheridge.wav,wav,NOMAD-0223 - Melissa Etheridge - Bring Me Some Water (Short Version)/melissa-etheridge_bring-me-some-water-youtube-1x2KbVmDiCU/1x2KbVmDiCU-Bring-Me-Some-Water-Melissa-Etheridge.wav,-25.2,-77.1,51.9,2,
NOMAD-0224,NOMAD-0224 - Queen - Crazy Little Thing Called Love (Short Version),confirmed,low,nz8Nb980L9s-Crazy-Little-Thing-Called-Love.wav,wav,NOMAD-0224 - Queen - Crazy Little Thing Called Love (Short Version)/queen_crazy-little-thing-called-love-youtube-nz8Nb980L9s/nz8Nb980L9s-Crazy-Little-Thing-Called-Love.wav,-24.7,,,1,
NOMAD-0225,NOMAD-0225 - Tina Turner - Proud Mary (Short Version),confirmed,high,Gciy9oG5678-Proud-Mary.wav,wav,NOMAD-0225 - Tina Turner - Proud Mary (Short Version)/tina-turner_proud-mary-youtube-Gciy9oG5678/Gciy9oG5678-Proud-Mary.wav,-23.7,-48.0,24.3,2,
NOMAD-0226,NOMAD-0226 - Tina Turner - The Best (Short Version),confirmed,high,8Afffdv5Tfg-The-Best.wav,wav,NOMAD-0226 - Tina Turner - The Best (Short Version)/tina-turner_the-best-youtube-8Afffdv5Tfg/8Afffdv5Tfg-The-Best.wav,-26.4,-51.2,24.8,6,
NOMAD-0227,NOMAD-0227 - Tom Jones - Help Yourself (Short Version),confirmed,low,8zWPROdFK4Q-Help-Yourself.wav,wav,NOMAD-0227 - Tom Jones - Help Yourself (Short Version)/tom-jones_help-yourself-youtube-8zWPROdFK4Q/8zWPROdFK4Q-Help-Yourself.wav,-20.5,-23.6,3.1,2,
NOMAD-0228,NOMAD-0228 - Tom Jones - Sex Bomb (Short Version),confirmed,high,RVfkoQLYbro-Tom-Jones-Sexbomb-Remastered.wav,wav,NOMAD-0228 - Tom Jones - Sex Bomb (Short Version)/tom-jones_sexbomb-youtube-RVfkoQLYbro/RVfkoQLYbro-Tom-Jones-Sexbomb-Remastered.wav,-20.6,-91.0,70.4,2,
NOMAD-0229,NOMAD-0229 - Andreas Gabalier - Hulapalu (Short Version),confirmed,high,lHZtcC67yrY-Andreas-Gabalier-Hulapalu.wav,wav,NOMAD-0229 - Andreas Gabalier - Hulapalu (Short Version)/andreas-gabalier-hulapalu-youtube-lHZtcC67yrY/lHZtcC67yrY-Andreas-Gabalier-Hulapalu.wav,-17.7,-50.5,32.8,2,
NOMAD-0230,NOMAD-0230 - Christina Stürmer - Nie Genug (Short Version),confirmed,low,Christina Stürmer - Nie Genug (Short).wav,wav,NOMAD-0230 - Christina Stürmer - Nie Genug (Short Version)/Christina Stürmer - Nie Genug (Short).wav,-34.6,,,1,
NOMAD-0231,NOMAD-0231 - Die Draufgänger - Cordula Grün (Short Version),confirmed,low,Die Draufgänger - Cordula Grün_Short.wav,wav,NOMAD-0231 - Die Draufgänger - Cordula Grün (Short Version)/Die Draufgänger - Cordula Grün_Short.wav,-21.9,-24.9,3.0,2,
NOMAD-0232,NOMAD-0232 - Jimi Jamison - I'm Always Here (Short Version),confirmed,low,Jimi Jamison - I'm Always Here (Short).wav,wav,NOMAD-0232 - Jimi Jamison - I'm Always Here (Short Version)/Jimi Jamison - I'm Always Here (Short).wav,-21.0,,,1,
NOMAD-0233,NOMAD-0233 - Jürgen Drews - Ein Bett im Kornfeld,confirmed,low,XqX0720VTRY-Ein-Bett-im-Kornfeld-Jurgen-Drews-Das-Original.wav,wav,NOMAD-0233 - Jürgen Drews - Ein Bett im Kornfeld/XqX0720VTRY-Ein-Bett-im-Kornfeld-Jurgen-Drews-Das-Original.wav,-18.4,,,1,
NOMAD-0234,NOMAD-0234 - Jürgen Drews - Ein Bett im Kornfeld (Short Version),no_source,none,,,,,,,1,
NOMAD-0235,NOMAD-0235 - STS - Kalt Und Kälter (Short Version),confirmed,low,STS - Kalt Und Kälter_Short.wav,wav,NOMAD-0235 - STS - Kalt Und Kälter (Short Version)/STS - Kalt Und Kälter_Short.wav,-30.9,,,1,
NOMAD-0236,NOMAD-0236 - STS - Kalt Und Kälter,confirmed,low,hqMSrwbnw9M-Kalt-und-kalter.wav,wav,NOMAD-0236 - STS - Kalt Und Kälter/hqMSrwbnw9M-Kalt-und-kalter.wav,-30.0,,,1,
NOMAD-0237,NOMAD-0237 - Udo Jürgens - Aber bitte mit Sahne,confirmed,low,VxM-OPwuSUo-Udo-Jurgens-Aber-bitte-mit-Sahne-Official-Lyric-Video.wav,wav,NOMAD-0237 - Udo Jürgens - Aber bitte mit Sahne/VxM-OPwuSUo-Udo-Jurgens-Aber-bitte-mit-Sahne-Official-Lyric-Video.wav,-21.4,,,1,
NOMAD-0238,NOMAD-0238 - Udo Jürgens - Aber bitte mit Sahne (Short Version),confirmed,low,Udo Jürgens - Aber bitte mit Sahne (Short).wav,wav,NOMAD-0238 - Udo Jürgens - Aber bitte mit Sahne (Short Version)/Udo Jürgens - Aber bitte mit Sahne (Short).wav,-34.2,,,1,
NOMAD-0239,NOMAD-0239 - Bryan Adams - Summer of '69 (Short Version),confirmed,low,Bryan Adams - Summer Of '69.wav,wav,NOMAD-0239 - Bryan Adams - Summer of '69 (Short Version)/Bryan Adams - Summer Of '69.wav,-19.8,,,1,
NOMAD-0241,NOMAD-0241 - Loosey LaDuca - Let Loose,no_source,none,,,,,,,1,
NOMAD-0242,NOMAD-0242 - Against Me - People Who Died,confirmed,low,9rfB5YIMD-M-People-Who-Died.wav,wav,NOMAD-0242 - Against Me - People Who Died/9rfB5YIMD-M-People-Who-Died.wav,-19.0,,,1,
NOMAD-0243,NOMAD-0243 - Eleven Hundred Springs - Thunderbird Will Do Just Fine,confirmed,low,oHOde7V3WAs-Thunderbird-Will-Do-Just-Fine.wav,wav,NOMAD-0243 - Eleven Hundred Springs - Thunderbird Will Do Just Fine/oHOde7V3WAs-Thunderbird-Will-Do-Just-Fine.wav,-20.3,,,1,
NOMAD-0244,NOMAD-0244 - Etherwood - Begin By Letting Go,confirmed,low,01 - Etherwood - Begin By Letting Go.wav,wav,NOMAD-0244 - Etherwood - Begin By Letting Go/01 - Etherwood - Begin By Letting Go.wav,-25.7,-25.7,0.0,2,
NOMAD-0245,NOMAD-0245 - Foy Vance - She Burns,confirmed,low,WCri1GOLjYM-She-Burns-Foy-Vance-LYRICS.wav,wav,NOMAD-0245 - Foy Vance - She Burns/WCri1GOLjYM-She-Burns-Foy-Vance-LYRICS.wav,-18.7,,,1,
NOMAD-0246,NOMAD-0246 - Frightened Rabbit - Late March Death March,confirmed,low,SF3KA7RM_Bg-Late-March-Death-March-Frightened-Rabbit.wav,wav,NOMAD-0246 - Frightened Rabbit - Late March Death March/SF3KA7RM_Bg-Late-March-Death-March-Frightened-Rabbit.wav,-19.0,,,1,
NOMAD-0247,NOMAD-0247 - George Barnett - Stone Cold Classic,confirmed,low,u1NzEg0IkzI-George-Barnett-Stone-Cold-Classic.wav,wav,NOMAD-0247 - George Barnett - Stone Cold Classic/u1NzEg0IkzI-George-Barnett-Stone-Cold-Classic.wav,-20.2,,,1,
NOMAD-0248,NOMAD-0248 - Get Cape. Wear Cape. Fly - Better Things (ft. Kate Nash),confirmed,low,13 - Better Things (ft. Kate Nash).wav,wav,NOMAD-0248 - Get Cape. Wear Cape. Fly - Better Things (ft. Kate Nash)/13 - Better Things (ft. Kate Nash).wav,-21.9,-21.9,0.0,2,
NOMAD-0249,NOMAD-0249 - Get Cape. Wear Cape. Fly - Could've Seen It All,confirmed,low,14 - Could've Seen It All.wav,wav,NOMAD-0249 - Get Cape. Wear Cape. Fly - Could've Seen It All/14 - Could've Seen It All.wav,-21.2,-21.2,0.0,2,
NOMAD-0250,NOMAD-0250 - Get Cape. Wear Cape. Fly - Find The Time,confirmed,low,11 - Find The Time.wav,wav,NOMAD-0250 - Get Cape. Wear Cape. Fly - Find The Time/11 - Find The Time.wav,-18.2,-18.2,0.0,2,
NOMAD-0251,NOMAD-0251 - Get Cape. Wear Cape. Fly - I Could Build You A Tower,confirmed,low,07 - I Could Build You A Tower.wav,wav,NOMAD-0251 - Get Cape. Wear Cape. Fly - I Could Build You A Tower/07 - I Could Build You A Tower.wav,-18.4,-18.4,0.0,2,
NOMAD-0252,NOMAD-0252 - Get Cape. Wear Cape. Fly - Keep Singing Out,confirmed,low,09 - Keep Singing Out.wav,wav,NOMAD-0252 - Get Cape. Wear Cape. Fly - Keep Singing Out/09 - Keep Singing Out.wav,-20.7,-20.8,0.1,2,
NOMAD-0253,NOMAD-0253 - Get Cape. Wear Cape. Fly - Let The Journey Begin,confirmed,low,01 - Let The Journey Begin.wav,wav,NOMAD-0253 - Get Cape. Wear Cape. Fly - Let The Journey Begin/01 - Let The Journey Begin.wav,-20.3,-20.4,0.1,2,
NOMAD-0254,NOMAD-0254 - Get Cape. Wear Cape. Fly - Moving Forward,confirmed,low,10 - Moving Forward.wav,wav,NOMAD-0254 - Get Cape. Wear Cape. Fly - Moving Forward/10 - Moving Forward.wav,-19.9,-19.9,0.0,2,
NOMAD-0255,NOMAD-0255 - Get Cape. Wear Cape. Fly - Postcards From Catalunya,confirmed,low,04 - Postcards From Catalunya.wav,wav,NOMAD-0255 - Get Cape. Wear Cape. Fly - Postcards From Catalunya/04 - Postcards From Catalunya.wav,-20.7,-20.7,0.0,2,
NOMAD-0256,NOMAD-0256 - Get Cape. Wear Cape. Fly - The Children Are (The Consumers Of) The Future,confirmed,low,05 - The Children Are (The Consumers Of) The Future.wav,wav,NOMAD-0256 - Get Cape. Wear Cape. Fly - The Children Are (The Consumers Of) The Future/05 - The Children Are (The Consumers Of) The Future.wav,-18.2,-18.2,0.0,2,
NOMAD-0257,NOMAD-0257 - Get Cape. Wear Cape. Fly - This Could Be All,confirmed,low,12 - This Could Be All.wav,wav,NOMAD-0257 - Get Cape. Wear Cape. Fly - This Could Be All/12 - This Could Be All.wav,-16.6,-16.6,0.0,2,
NOMAD-0258,NOMAD-0258 - Get Cape. Wear Cape. Fly - Waiting For The Monster To Drown,confirmed,low,02 - Waiting For The Monster To Drown.wav,wav,NOMAD-0258 - Get Cape. Wear Cape. Fly - Waiting For The Monster To Drown/02 - Waiting For The Monster To Drown.wav,-21.6,-21.6,0.0,2,
NOMAD-0259,NOMAD-0259 - Get Cape. Wear Cape. Fly - Window Of Your Mind,confirmed,low,06 - Window Of Your Mind.wav,wav,NOMAD-0259 - Get Cape. Wear Cape. Fly - Window Of Your Mind/06 - Window Of Your Mind.wav,-19.3,-19.3,0.0,2,
NOMAD-0260,NOMAD-0260 - Get Cape. Wear Cape. Fly - Young And Lovestruck,confirmed,low,03 - Young And Lovestruck.wav,wav,NOMAD-0260 - Get Cape. Wear Cape. Fly - Young And Lovestruck/03 - Young And Lovestruck.wav,-19.5,-19.5,0.0,2,
NOMAD-0261,NOMAD-0261 - K-Os - The Rain,confirmed,low,1MPcQ_Z4L2M-The-Rain.wav,wav,NOMAD-0261 - K-Os - The Rain/1MPcQ_Z4L2M-The-Rain.wav,-20.6,,,1,
NOMAD-0262,NOMAD-0262 - Nothing But Thieves - Pop The Balloon,confirmed,low,-FAu6lwoNIM-Nothing-But-Thieves-Pop-The-Balloon-Official-Lyric-Video.wav,wav,NOMAD-0262 - Nothing But Thieves - Pop The Balloon/-FAu6lwoNIM-Nothing-But-Thieves-Pop-The-Balloon-Official-Lyric-Video.wav,-23.1,,,1,
NOMAD-0263,NOMAD-0263 - Robbie Basho - Blue Crystal Fire,confirmed,low,YYaGChm8RWw-Robbie-Basho-Blue-Crystal-Fire.wav,wav,NOMAD-0263 - Robbie Basho - Blue Crystal Fire/YYaGChm8RWw-Robbie-Basho-Blue-Crystal-Fire.wav,-26.7,,,1,
NOMAD-0264,NOMAD-0264 - Smino - Lee and Lovie,confirmed,low,YPI7kZpmepE-Smino-Lee-Lovie-Official-Visualizer.wav,wav,NOMAD-0264 - Smino - Lee and Lovie/YPI7kZpmepE-Smino-Lee-Lovie-Official-Visualizer.wav,-18.4,,,1,
NOMAD-0265,NOMAD-0265 - The Skints - Murderer,confirmed,low,gQQY3i-kwgU-The-Skints-Murderer.wav,wav,NOMAD-0265 - The Skints - Murderer/gQQY3i-kwgU-The-Skints-Murderer.wav,-22.4,,,1,
NOMAD-0266,NOMAD-0266 - Xan Griffin - Capricorn (ft. WOLFE),confirmed,low,giK8TF-AjaM-Xan-Griffin-ft-WOLFE-Capricorn-Lyrics-on-screen.wav,wav,NOMAD-0266 - Xan Griffin - Capricorn (ft. WOLFE)/giK8TF-AjaM-Xan-Griffin-ft-WOLFE-Capricorn-Lyrics-on-screen.wav,-24.4,,,1,
NOMAD-0267,NOMAD-0267 - Pulp - Cocaine Socialism,confirmed,low,929BN_zFFR0-Pulp-Cocaine-Socialism-with-lyrics.wav,wav,NOMAD-0267 - Pulp - Cocaine Socialism/929BN_zFFR0-Pulp-Cocaine-Socialism-with-lyrics.wav,-23.3,,,1,
NOMAD-0268,NOMAD-0268 - Random Hand - Play Some Ska,confirmed,low,8nHVZhavr64-Play-Some-Ska.wav,wav,NOMAD-0268 - Random Hand - Play Some Ska/8nHVZhavr64-Play-Some-Ska.wav,-21.8,,,1,
NOMAD-0269,"NOMAD-0269 - Sexyy Red, Nicki Minaj & Tay Keith - Pound Town 2",confirmed,low,6PK7ZW4auI4-Sexyy-Red-Nicki-Minaj-Tay-Keith-Pound-Town-2-Official-Lyric-Video.wav,wav,"NOMAD-0269 - Sexyy Red, Nicki Minaj & Tay Keith - Pound Town 2/6PK7ZW4auI4-Sexyy-Red-Nicki-Minaj-Tay-Keith-Pound-Town-2-Official-Lyric-Video.wav",-20.3,,,1,
NOMAD-0270,NOMAD-0270 - Tori Amos - Liquid Diamonds,confirmed,low,GGlQhUja-Lo-Liquid-Diamonds.wav,wav,NOMAD-0270 - Tori Amos - Liquid Diamonds/GGlQhUja-Lo-Liquid-Diamonds.wav,-18.3,,,1,
NOMAD-0326,NOMAD-0326 - Judas Priest - Living Bad Dreams,confirmed,low,Hs5R4qpmi2Y-Judas-Priest-Living-Bad-Dreams-Painkiller-Sessions-1990-Audio.wav,wav,NOMAD-0326 - Judas Priest - Living Bad Dreams/Hs5R4qpmi2Y-Judas-Priest-Living-Bad-Dreams-Painkiller-Sessions-1990-Audio.wav,-21.9,,,1,
NOMAD-0327,NOMAD-0327 - The Spits - Bring Me Down,confirmed,low,8Ffx9MoOr-c-The-Spits-Bring-Me-Down.wav,wav,NOMAD-0327 - The Spits - Bring Me Down/8Ffx9MoOr-c-The-Spits-Bring-Me-Down.wav,-18.9,,,1,
NOMAD-0328,NOMAD-0328 - Voltaire - Feathery Wings,confirmed,low,cwiTPOzPJu4-Voltaire-Feathery-Wings-With-lyrics.wav,wav,NOMAD-0328 - Voltaire - Feathery Wings/cwiTPOzPJu4-Voltaire-Feathery-Wings-With-lyrics.wav,-17.8,,,1,
NOMAD-0329,NOMAD-0329 - City and Colour - The Death of Me,confirmed,low,City and Colour - The Death of Me.flac,flac,NOMAD-0329 - City and Colour - The Death of Me/City and Colour - The Death of Me.flac,-19.0,-19.0,0.0,3,
NOMAD-0330,NOMAD-0330 - Was (Not Was) - Out Come the Freaks,confirmed,low,Was (Not Was) - Out Come the Freaks.flac,flac,NOMAD-0330 - Was (Not Was) - Out Come the Freaks/Was (Not Was) - Out Come the Freaks (Long Version)/Was (Not Was) - Out Come the Freaks.flac,-18.3,-18.3,0.0,6,
NOMAD-0331,NOMAD-0331 - Bon Jovi - Hallelujah,confirmed,low,RSJbYWPEaxw-Bon-Jovi-Hallelujah.wav,wav,NOMAD-0331 - Bon Jovi - Hallelujah/RSJbYWPEaxw-Bon-Jovi-Hallelujah.wav,-28.4,,,1,
NOMAD-0332,NOMAD-0332 - Marilyn Dagenais - Je serai là,confirmed,low,xL1MecA2zUg-Je-serai-la.wav,wav,NOMAD-0332 - Marilyn Dagenais - Je serai là/xL1MecA2zUg-Je-serai-la.wav,-20.1,-25.2,5.1,2,
NOMAD-0333,NOMAD-0333 - Marilyn Dagenais - J't'écrirai pas,confirmed,high,J't'écrirai pas [-lvTXlFijMc].wav,wav,NOMAD-0333 - Marilyn Dagenais - J't'écrirai pas/J't'écrirai pas [-lvTXlFijMc].wav,-19.4,-44.6,25.2,3,
NOMAD-0334,NOMAD-0334 - A Lost People - Big Booty Bitches,confirmed,low,A Lost People - Big Booty Bitches (D6ma2_e9EuE).wav,wav,NOMAD-0334 - A Lost People - Big Booty Bitches/A Lost People - Big Booty Bitches (D6ma2_e9EuE).wav,-26.5,-26.5,0.0,2,
NOMAD-0335,NOMAD-0335 - Annika Norlin - Failure,confirmed,low,Annika Norlin - Failure (M8iCNfCHmDc).wav,wav,NOMAD-0335 - Annika Norlin - Failure/Annika Norlin - Failure (M8iCNfCHmDc).wav,-17.5,-17.5,0.0,2,
NOMAD-0336,NOMAD-0336 - Ascension - Monsters,confirmed,low,Ascension - Monsters (h6aE_-H-pTQ).wav,wav,NOMAD-0336 - Ascension - Monsters/Ascension - Monsters (h6aE_-H-pTQ).wav,-21.3,-21.3,0.0,2,
NOMAD-0337,NOMAD-0337 - Bonnie Prince Billy and Tortoise - Pancho,confirmed,low,Bonnie Prince Billy and Tortoise - Pancho (XwAylFd_yMo).wav,wav,NOMAD-0337 - Bonnie Prince Billy and Tortoise - Pancho/Bonnie Prince Billy and Tortoise - Pancho (XwAylFd_yMo).wav,-21.7,-21.7,0.0,2,
NOMAD-0338,NOMAD-0338 - Brandi Carlile - Raise Hell,confirmed,low,Brandi Carlile - Raise Hell (k20r8dA8PcI).wav,wav,NOMAD-0338 - Brandi Carlile - Raise Hell/Brandi Carlile - Raise Hell (k20r8dA8PcI).wav,-15.9,-15.8,0.1,2,
NOMAD-0339,NOMAD-0339 - Britt Daniel - Let the Distance Bring Us Together,confirmed,low,Britt Daniel - Let the Distance Bring Us Together (7J4O9pOsa20).wav,wav,NOMAD-0339 - Britt Daniel - Let the Distance Bring Us Together/Britt Daniel - Let the Distance Bring Us Together (7J4O9pOsa20).wav,-19.0,-19.0,0.0,2,
NOMAD-0340,NOMAD-0340 - Cyn - Drinks,confirmed,low,Cyn - Drinks (YQbpkaTIQ2M).wav,wav,NOMAD-0340 - Cyn - Drinks/Cyn - Drinks (YQbpkaTIQ2M).wav,-22.8,-22.8,0.0,2,
NOMAD-0341,NOMAD-0341 - Dan Wriggins - All Used Up,confirmed,low,Dan Wriggins - All Used Up.wav,wav,NOMAD-0341 - Dan Wriggins - All Used Up/Dan Wriggins - All Used Up.wav,-18.6,-18.6,0.0,2,
NOMAD-0342,NOMAD-0342 - Davey Dynamite & Absent - Solidarity Forever,confirmed,low,Davey Dynamite & Absent - Solidarity Forever.wav,wav,NOMAD-0342 - Davey Dynamite & Absent - Solidarity Forever/Davey Dynamite & Absent - Solidarity Forever.wav,-16.4,-16.4,0.0,2,
NOMAD-0343,NOMAD-0343 - Elliott Smith - Strung Out Again,confirmed,low,Elliott Smith - Strung Out Again (z1cStb-1hi8).wav,wav,NOMAD-0343 - Elliott Smith - Strung Out Again/Elliott Smith - Strung Out Again (z1cStb-1hi8).wav,-22.3,-22.3,0.0,2,
NOMAD-0344,NOMAD-0344 - Emperor X - Sad React,confirmed,low,Emperor X - Sad React (LsLNZW86iFY).wav,wav,NOMAD-0344 - Emperor X - Sad React/Emperor X - Sad React (LsLNZW86iFY).wav,-24.0,-24.0,0.0,2,
NOMAD-0345,NOMAD-0345 - Girls - Hellhole Ratrace,confirmed,low,Girls - Hellhole Ratrace (lcqwfFKagH4).wav,wav,NOMAD-0345 - Girls - Hellhole Ratrace/Girls - Hellhole Ratrace (lcqwfFKagH4).wav,-27.4,-27.4,0.0,2,
NOMAD-0346,NOMAD-0346 - Hercules & Love Affair - Iris,confirmed,low,Hercules & Love Affair - Iris (-iUY5xMKKtU).wav,wav,NOMAD-0346 - Hercules & Love Affair - Iris/Hercules & Love Affair - Iris (-iUY5xMKKtU).wav,-20.9,-21.0,0.1,2,
NOMAD-0347,NOMAD-0347 - Iris DeMent - Easy's Gettin' Harder Every Day,confirmed,low,Iris DeMent - Easy's Gettin' Harder Every Day (8eJgUo3Ag4U).wav,wav,NOMAD-0347 - Iris DeMent - Easy's Gettin' Harder Every Day/Iris DeMent - Easy's Gettin' Harder Every Day (8eJgUo3Ag4U).wav,-22.5,-22.5,0.0,2,
NOMAD-0348,NOMAD-0348 - Iris DeMent - Let the Mystery Be,confirmed,low,Iris DeMent - Let the Mystery Be (0gQVS2fCsek).wav,wav,NOMAD-0348 - Iris DeMent - Let the Mystery Be/Iris DeMent - Let the Mystery Be (0gQVS2fCsek).wav,-23.3,-23.3,0.0,2,
NOMAD-0349,NOMAD-0349 - Iris DeMent - Wasteland of the Free,confirmed,low,Iris DeMent - Wasteland of the Free (nLjHcbSVmYs).wav,wav,NOMAD-0349 - Iris DeMent - Wasteland of the Free/Iris DeMent - Wasteland of the Free (nLjHcbSVmYs).wav,-21.3,-21.2,0.1,2,
NOMAD-0350,NOMAD-0350 - Joanna Newsom - Inflammatory Writ,confirmed,low,Joanna Newsom - Inflammatory Writ (DWsJDdyDK8M).wav,wav,NOMAD-0350 - Joanna Newsom - Inflammatory Writ/Joanna Newsom - Inflammatory Writ (DWsJDdyDK8M).wav,-18.7,-18.7,0.0,2,
NOMAD-0351,NOMAD-0351 - Jukebox The Ghost - Jumpstarted,confirmed,low,Jukebox The Ghost - Jumpstarted (MnCRJ-nXb_w).wav,wav,NOMAD-0351 - Jukebox The Ghost - Jumpstarted/Jukebox The Ghost - Jumpstarted (MnCRJ-nXb_w).wav,-16.8,-16.8,0.0,2,
NOMAD-0352,NOMAD-0352 - Kevin Devine - Splittin’ Up Christmas,confirmed,low,Kevin Devine - Splittin’ Up Christmas (WrPVBIXehlw).wav,wav,NOMAD-0352 - Kevin Devine - Splittin’ Up Christmas/Kevin Devine - Splittin’ Up Christmas (WrPVBIXehlw).wav,-21.0,-21.0,0.0,2,
NOMAD-0353,NOMAD-0353 - Kirin J Callinan - Life Is Life,confirmed,low,Kirin J Callinan - Life Is Life (mna-gdoPHt4).wav,wav,NOMAD-0353 - Kirin J Callinan - Life Is Life/Kirin J Callinan - Life Is Life (mna-gdoPHt4).wav,-20.5,-20.6,0.1,2,
NOMAD-0354,NOMAD-0354 - MJ Lenderman - TLC Cagematch,confirmed,low,MJ Lenderman - TLC Cagematch (gV7VeyEX0XY).wav,wav,NOMAD-0354 - MJ Lenderman - TLC Cagematch/MJ Lenderman - TLC Cagematch (gV7VeyEX0XY).wav,-24.9,-24.9,0.0,2,
NOMAD-0355,NOMAD-0355 - Molly Hatchet - Sailor,confirmed,low,Molly Hatchet - Sailor (WeDY3LDeD6s).wav,wav,NOMAD-0355 - Molly Hatchet - Sailor/Molly Hatchet - Sailor (WeDY3LDeD6s).wav,-25.0,-25.0,0.0,2,
NOMAD-0356,NOMAD-0356 - Necro - Pussy Is My Weakness,confirmed,low,Necro - Pussy Is My Weakness (43CEVFxpnFI).wav,wav,NOMAD-0356 - Necro - Pussy Is My Weakness/Necro - Pussy Is My Weakness (43CEVFxpnFI).wav,-16.9,-16.8,0.1,2,
NOMAD-0357,NOMAD-0357 - Nevermore - The Heart Collector,confirmed,low,Nevermore - The Heart Collector (F7p5jwbrs0A).wav,wav,NOMAD-0357 - Nevermore - The Heart Collector/Nevermore - The Heart Collector (F7p5jwbrs0A).wav,-22.5,-22.5,0.0,2,
NOMAD-0358,NOMAD-0358 - New Found Glory - Sincerely Me,confirmed,low,New Found Glory - Sincerely Me (eMNLuwfHSIg).wav,wav,NOMAD-0358 - New Found Glory - Sincerely Me/New Found Glory - Sincerely Me (eMNLuwfHSIg).wav,-21.0,-21.0,0.0,2,
NOMAD-0359,NOMAD-0359 - New Radicals - I Hope I Didn't Just Give Away The Ending,confirmed,low,New Radicals - I Hope I Didn't Just Give Away The Ending (DO-IaJcKZzs).wav,wav,NOMAD-0359 - New Radicals - I Hope I Didn't Just Give Away The Ending/New Radicals - I Hope I Didn't Just Give Away The Ending (DO-IaJcKZzs).wav,-18.7,-18.7,0.0,2,
NOMAD-0360,NOMAD-0360 - No Doubt - Six Feet Under,confirmed,low,No Doubt - Six Feet Under (HhldzhRuzc4).wav,wav,NOMAD-0360 - No Doubt - Six Feet Under/No Doubt - Six Feet Under (HhldzhRuzc4).wav,-15.1,-15.2,0.1,2,
NOMAD-0361,NOMAD-0361 - Petey - Dont Tell The Boys,confirmed,low,Petey - Dont Tell The Boys (WuePPW8eHxI).wav,wav,NOMAD-0361 - Petey - Dont Tell The Boys/Petey - Dont Tell The Boys (WuePPW8eHxI).wav,-23.1,-23.2,0.1,2,
NOMAD-0362,NOMAD-0362 - Randy Newman - A Wedding in Cherokee County,confirmed,low,Randy Newman - A Wedding in Cherokee County (2002 Remaster) (DbbtzAaVT3M).wav,wav,NOMAD-0362 - Randy Newman - A Wedding in Cherokee County/Randy Newman - A Wedding in Cherokee County (2002 Remaster) (DbbtzAaVT3M).wav,-27.8,-27.8,0.0,2,
NOMAD-0363,NOMAD-0363 - Reverend Horton Heat - Wiggle Stick,confirmed,low,Reverend Horton Heat - Wiggle Stick (zRvRed0YauI).wav,wav,NOMAD-0363 - Reverend Horton Heat - Wiggle Stick/Reverend Horton Heat - Wiggle Stick (zRvRed0YauI).wav,-24.1,-24.1,0.0,2,
NOMAD-0364,NOMAD-0364 - Rough Cutt - Dreamin' Again,confirmed,low,Rough Cutt - Dreamin' Again (TrdpdoVMcmU).wav,wav,NOMAD-0364 - Rough Cutt - Dreamin' Again/Rough Cutt - Dreamin' Again (TrdpdoVMcmU).wav,-24.6,-24.6,0.0,2,
NOMAD-0365,NOMAD-0365 - Steve Earle - Christmas in Washington,confirmed,low,Steve Earle - Christmas in Washington (3Jk4JmIuFes).wav,wav,NOMAD-0365 - Steve Earle - Christmas in Washington/Steve Earle - Christmas in Washington (3Jk4JmIuFes).wav,-21.0,-21.0,0.0,2,
NOMAD-0366,NOMAD-0366 - The Buttertones - Baby Doll,confirmed,low,The Buttertones - Baby Doll (--TLRnkbSwk).wav,wav,NOMAD-0366 - The Buttertones - Baby Doll/The Buttertones - Baby Doll (--TLRnkbSwk).wav,-20.3,-20.3,0.0,2,
NOMAD-0367,NOMAD-0367 - The Buttertones - Eros,confirmed,low,The Buttertones - Eros (uEyM3F5nD_Y).wav,wav,NOMAD-0367 - The Buttertones - Eros/The Buttertones - Eros (uEyM3F5nD_Y).wav,-19.7,-19.7,0.0,2,
NOMAD-0368,NOMAD-0368 - Whiskey Myers - Broken Window Serenade,confirmed,low,Whiskey Myers - Broken Window Serenade (_bto0UKEZNA).wav,wav,NOMAD-0368 - Whiskey Myers - Broken Window Serenade/Whiskey Myers - Broken Window Serenade (_bto0UKEZNA).wav,-19.0,-18.9,0.1,2,
NOMAD-0369,NOMAD-0369 - Yoko Kanno - Whats it For,confirmed,low,Yoko Kanno - Whats it For (uWOOyS3QsPE).wav,wav,NOMAD-0369 - Yoko Kanno - Whats it For/Yoko Kanno - Whats it For (uWOOyS3QsPE).wav,-21.6,-21.6,0.0,2,
NOMAD-0370,NOMAD-0370 - Mac McCaughan & Annie Hayden - Down We Go,confirmed,low,"Mac McCaughan, Annie Hayden - Down We Go (Sledding Song) (Wq6BHLUrL4s).wav",wav,"NOMAD-0370 - Mac McCaughan & Annie Hayden - Down We Go/Mac McCaughan, Annie Hayden - Down We Go (Sledding Song) (Wq6BHLUrL4s).wav",-20.9,-20.9,0.0,2,
NOMAD-0371,NOMAD-0371 - The Buttertones - You and Your Knife,confirmed,low,The Buttertones - You and Your Knife (HzIUAQI_zDo).wav,wav,NOMAD-0371 - The Buttertones - You and Your Knife/The Buttertones - You and Your Knife (HzIUAQI_zDo).wav,-20.0,-20.0,0.0,2,
NOMAD-0372,NOMAD-0372 - The Doubleclicks - Really Big Chickens,confirmed,low,The Doubleclicks - Really Big Chickens (qlEoSBZzC18).wav,wav,NOMAD-0372 - The Doubleclicks - Really Big Chickens/The Doubleclicks - Really Big Chickens (qlEoSBZzC18).wav,-20.8,-20.8,0.0,2,
NOMAD-0373,NOMAD-0373 - Tony All - At The Party,confirmed,low,Tony All - At The Party (_OfbUKoaW_4).wav,wav,NOMAD-0373 - Tony All - At The Party/Tony All - At The Party (_OfbUKoaW_4).wav,-24.3,-24.3,0.0,2,
NOMAD-0374,NOMAD-0374 - Tony All - Guitar Case,confirmed,low,Tony All - Guitar Case (BY-a-HZiI-k).wav,wav,NOMAD-0374 - Tony All - Guitar Case/Tony All - Guitar Case (BY-a-HZiI-k).wav,-24.2,-24.2,0.0,2,
NOMAD-0375,NOMAD-0375 - Velvet Pony - LESBIAN PONIES WITH WEAPONS,confirmed,low,Velvet Pony - LESBIAN PONIES WITH WEAPONS (UCAisUe6-VA).wav,wav,NOMAD-0375 - Velvet Pony - LESBIAN PONIES WITH WEAPONS/Velvet Pony - LESBIAN PONIES WITH WEAPONS (UCAisUe6-VA).wav,-19.7,-19.8,0.1,2,
NOMAD-0376,NOMAD-0376 - Waxahatchee - Noccalula,confirmed,low,Waxahatchee - Noccalula (uKsZTbGFOQk).wav,wav,NOMAD-0376 - Waxahatchee - Noccalula/Waxahatchee - Noccalula (uKsZTbGFOQk).wav,-20.6,-20.6,0.0,2,
NOMAD-0377,NOMAD-0377 - David Bowie - I Know It’s Gonna Happen Someday,confirmed,low,AHCSo-7fRKk-I-Know-It-s-Gonna-Happen-Someday-2003-Remaster.wav,wav,NOMAD-0377 - David Bowie - I Know It’s Gonna Happen Someday/AHCSo-7fRKk-I-Know-It-s-Gonna-Happen-Someday-2003-Remaster.wav,-18.9,,,1,
NOMAD-0378,NOMAD-0378 - Mary Heather Hickman - Treasure,confirmed,low,NA - Mary Heather Hickman - Treasure (Official Music Video) (XjnJ27yNSoI).wav,wav,NOMAD-0378 - Mary Heather Hickman - Treasure/NA - Mary Heather Hickman - Treasure (Official Music Video) (XjnJ27yNSoI).wav,-19.9,-19.9,0.0,3,
NOMAD-0379,NOMAD-0379 - Ray Price - The Wind Beneath My Wings,confirmed,low,NA - The Wind Beneath My Wings - Ray Price 1987 (pNCR4TuhXeg).wav,wav,NOMAD-0379 - Ray Price - The Wind Beneath My Wings/NA - The Wind Beneath My Wings - Ray Price 1987 (pNCR4TuhXeg).wav,-24.2,-24.2,0.0,3,
NOMAD-0380,NOMAD-0380 - The Avett Brothers - Ain't No Man,confirmed,low,NA - The Avett Brothers - Ain't No Man (Audio) (21ystqlD_Rk).wav,wav,NOMAD-0380 - The Avett Brothers - Ain't No Man/NA - The Avett Brothers - Ain't No Man (Audio) (21ystqlD_Rk).wav,-19.0,-19.0,0.0,3,
NOMAD-0388,NOMAD-0388 - Adam Sandler - Mr. Bake-O,confirmed,low,Adam Sandler - Mr. Bake-O (MDA6Nd3PCbM).wav,wav,NOMAD-0388 - Adam Sandler - Mr. Bake-O/Adam Sandler - Mr. Bake-O (MDA6Nd3PCbM).wav,-17.9,-18.0,0.1,3,
NOMAD-0389,NOMAD-0389 - Eydie Gormé - The Gentleman is a Dope,confirmed,low,Eydie Gorme - The Gentleman is a Dope (lnPWr7BFxT4).wav,wav,NOMAD-0389 - Eydie Gormé - The Gentleman is a Dope/Eydie Gorme - The Gentleman is a Dope (lnPWr7BFxT4).wav,-20.7,-20.7,0.0,3,
NOMAD-0390,NOMAD-0390 - Eydie Gormé - What Did I Have That I Don't Have,confirmed,low,Eydie Gorme - What Did I Have That I Don't Have (ptJz1CNkXZ4).wav,wav,NOMAD-0390 - Eydie Gormé - What Did I Have That I Don't Have/Eydie Gorme - What Did I Have That I Don't Have (ptJz1CNkXZ4).wav,-15.6,-15.6,0.0,3,
NOMAD-0391,NOMAD-0391 - Rickie Lee Jones - The Ballad Of The Sad Young Men,confirmed,low,Rickie Lee Jones - The Ballad Of The Sad Young Men (82qb6nUxmOQ).wav,wav,NOMAD-0391 - Rickie Lee Jones - The Ballad Of The Sad Young Men/Rickie Lee Jones - The Ballad Of The Sad Young Men (82qb6nUxmOQ).wav,-25.9,-25.9,0.0,3,
NOMAD-0392,NOMAD-0392 - Eddie Cochran - Three Stars,confirmed,low,NA - Eddie Cochran - Three Stars (DhtYS-7hFM0).wav,wav,NOMAD-0392 - Eddie Cochran - Three Stars/NA - Eddie Cochran - Three Stars (DhtYS-7hFM0).wav,-23.9,-23.9,0.0,3,
NOMAD-0397,NOMAD-0397 - The Ghost Club - See Below,confirmed,low,NA - The Ghost Club： See Below [Official Animated Music Video] (O3bVdre5EiE).wav,wav,NOMAD-0397 - The Ghost Club - See Below/NA - The Ghost Club： See Below [Official Animated Music Video] (O3bVdre5EiE).wav,-17.8,-17.9,0.1,4,
NOMAD-0398,NOMAD-0398 - General Levy - Incredible (50% Volume Vocals),confirmed,low,vocals_half_volume.wav,wav,NOMAD-0398 - General Levy - Incredible (50% Volume Vocals)/vocals_half_volume.wav,-23.5,,,1,
NOMAD-0400,NOMAD-0400 - Marilyn Dagenais - Chanson pour Papa,confirmed,high,DEMO VOICE - Chanson pour Papa.mp3,mp3,NOMAD-0400 - Marilyn Dagenais - Chanson pour Papa/DEMO VOICE - Chanson pour Papa.mp3,-22.2,-40.6,18.4,4,
NOMAD-0401,NOMAD-0401 - Royal Navy - Heart of Oak,confirmed,low,Royal Navy - Heart of Oak.mp3,mp3,NOMAD-0401 - Royal Navy - Heart of Oak/Royal Navy - Heart of Oak.mp3,-28.0,,,1,
NOMAD-0403,NOMAD-0403 - Marilyn Dagenais - You Make Me Sing,confirmed,high,You Make Me Sing (with voice Charlie Dorion).wav,wav,NOMAD-0403 - Marilyn Dagenais - You Make Me Sing/You Make Me Sing (with voice Charlie Dorion).wav,-23.2,-54.0,30.8,3,
NOMAD-0413,NOMAD-0413 - Marilyn Dagenais - L'hiver,confirmed,low,L'hiver - Marilyn (version finale).wav,wav,NOMAD-0413 - Marilyn Dagenais - L'hiver/L'hiver - Marilyn (version finale).wav,-26.5,-26.5,0.0,4,
NOMAD-0420,NOMAD-0420 - Unknown - Before the Screen Reads Fin,confirmed,high,Before the Screen Reads Fin- Demo Voice.mp3,mp3,NOMAD-0420 - Unknown - Before the Screen Reads Fin/Before the Screen Reads Fin- Demo Voice.mp3,-18.7,-91.0,72.3,3,
NOMAD-0431,NOMAD-0431 - Marilyn Dagenais - Un peu de lumière,confirmed,high,Un peu de lumiere demo for Andrew.mp3,mp3,NOMAD-0431 - Marilyn Dagenais - Un peu de lumière/Un peu de lumiere demo for Andrew.mp3,-20.6,-91.0,70.4,3,
NOMAD-0434,NOMAD-0434 - Marilyn Dagenais - Si je t'aime,confirmed,low,16-Si-je-t-aime-2023-MIX-2-Masterisé mp3.wav,wav,NOMAD-0434 - Marilyn Dagenais - Si je t'aime/16-Si-je-t-aime-2023-MIX-2-Masterisé mp3.wav,-18.7,-18.7,0.0,5,
NOMAD-0435,NOMAD-0435 - Jerry Lee Lewis - Meat Man,confirmed,low,01 - Meat Man.flac,flac,NOMAD-0435 - Jerry Lee Lewis - Meat Man/01 - Meat Man.flac,-25.4,-25.4,0.0,3,
NOMAD-0436,NOMAD-0436 - Shovels & Rope - Birmingham,confirmed,low,01 - Birmingham.flac,flac,NOMAD-0436 - Shovels & Rope - Birmingham/01 - Birmingham.flac,-19.3,-19.3,0.0,3,
NOMAD-0437,NOMAD-0437 - Wolfe Tones - Rock On Rockall,confirmed,low,5exJ2-ra7hU-Rock-on-Rockall.wav,wav,NOMAD-0437 - Wolfe Tones - Rock On Rockall/5exJ2-ra7hU-Rock-on-Rockall.wav,-24.4,-26.4,2.0,2,
NOMAD-0448,NOMAD-0448 - The Time - Cool,confirmed,low,The Time - Cool.wav,wav,NOMAD-0448 - The Time - Cool/The Time - Cool.wav,-26.5,-31.5,5.0,2,
NOMAD-0396,NOMAD-0396 - The Fray - Never Say Never,confirmed,high,The Fray - Never Say Never (YouTube Aihu16RyYp8).wav,wav,NOMAD-0396 - The Fray - Never Say Never/The Fray - Never Say Never (YouTube Aihu16RyYp8).wav,-19.1,-40.0,20.9,2,
NOMAD-0440,NOMAD-0440 - ABBA - The Day Before You Came,confirmed,high,ABBA - The Day Before You Came (YouTube 1HnOFwqpLRQ).wav,wav,NOMAD-0440 - ABBA - The Day Before You Came/ABBA - The Day Before You Came (YouTube 1HnOFwqpLRQ).wav,-34.4,-45.0,10.6,2,
