brand,winner_name,vocals_db,instrumental_db,flag
NOMAD-0002,leningrad-alkash.mp3,-18.4,-17.8,ok
NOMAD-0003,Y2Mate.is - Apples Don't Fall Far From The Tree-wXrnVxl9UXI-160k-1654621859063.mp3,-23.3,-24.1,ok
NOMAD-0004,06 Don't Wake Me Up.mp3,-21.6,-17.4,ok
NOMAD-0005,16 - I Am The City.mp3,-28.2,-22.8,ok
NOMAD-0006,18 - Under Attack.mp3,-28.9,-25.6,ok
NOMAD-0007,02 A Dark Congregation.mp3,-20.5,-14.0,ok
NOMAD-0008,06 As You Cry.mp3,-24.8,-20.3,ok
NOMAD-0009,04 Boys Are Too Refined.mp3,-24.2,-21.9,ok
NOMAD-0010,13 Break the Sky.mp3,-25.9,-20.9,ok
NOMAD-0011,12 Carry Me Home.mp3,-19.7,-15.8,ok
NOMAD-0012,01 City Traffic Puzzle.mp3,-19.9,-16.2,ok
NOMAD-0013,03 Crawling Towards The Sun.mp3,-21.9,-18.2,ok
NOMAD-0014,08 Echo.mp3,-26.0,-19.7,ok
NOMAD-0016,02 Honey.mp3,-25.1,-20.4,ok
NOMAD-0017,12 Hospital Bed Crawl.mp3,-26.3,-20.8,ok
NOMAD-0018,07 Hourglass.mp3,-22.4,-16.8,ok
NOMAD-0019,05 Hurricane.mp3,-27.9,-23.5,ok
NOMAD-0020,01 Intro.mp3,-32.4,-27.3,ok
NOMAD-0021,04 Lions Roar.mp3,-22.1,-17.2,ok
NOMAD-0022,11 Love You Much Better.mp3,-24.8,-20.3,ok
NOMAD-0023,08 Magnolia.mp3,-19.9,-15.6,ok
NOMAD-0024,03 Medicine Man.mp3,-26.0,-19.5,ok
NOMAD-0025,08 Molasses.mp3,-24.8,-20.0,ok
NOMAD-0026,06 Momentum.mp3,-24.1,-18.5,ok
NOMAD-0027,09 My Apologies.mp3,-24.8,-17.8,ok
NOMAD-0028,10 Not Your Concern.mp3,-24.9,-19.4,ok
NOMAD-0029,10 Out Through The Curtain.mp3,-22.0,-17.3,ok
NOMAD-0030,03 Sweet Tangerine.mp3,-17.7,-14.4,ok
NOMAD-0031,09 That's Okay.mp3,-26.1,-24.8,ok
NOMAD-0032,04 The Artist.mp3,-23.5,-20.8,ok
NOMAD-0033,10 The Market.mp3,-22.5,-20.4,ok
NOMAD-0034,11 Tides Change.mp3,-22.0,-15.2,ok
NOMAD-0035,05 Unsafe Safe.mp3,-23.7,-16.9,ok
NOMAD-0037,02 Weeping Willow.mp3,-24.8,-19.4,ok
NOMAD-0039,09 Wine Red.mp3,-19.5,-15.3,ok
NOMAD-0040,11 You Are The Moon.mp3,-23.1,-16.9,ok
NOMAD-0041,05 Lighthouse.mp3,-21.4,-16.8,ok
NOMAD-0042,01. GLAM!.mp3,-18.4,-13.6,ok
NOMAD-0043,Lemaitre - Rocket Girl (feat. Betty Who)-KkmBkH1WLQA-256k-1655509627540.mp3,-20.7,-13.7,ok
NOMAD-0045,07 - All night cinema.mp3,-23.3,-17.6,ok
NOMAD-0046,08 - Astronaut.mp3,-20.2,-17.3,ok
NOMAD-0047,06 - Blood.mp3,-21.5,-16.0,ok
NOMAD-0048,03 - Disco Friends.mp3,-22.6,-16.2,ok
NOMAD-0049,04 - Doctor doctor.mp3,-17.6,-14.8,ok
NOMAD-0050,01 - Embers.mp3,-18.9,-17.2,ok
NOMAD-0051,02 - Glory Days.mp3,-20.8,-15.8,ok
NOMAD-0052,09 - Goth in the disco.mp3,-21.8,-15.9,ok
NOMAD-0053,07 - Hold On.mp3,-22.2,-17.1,ok
NOMAD-0054,06 - I Talk Too Much.mp3,-22.9,-17.6,ok
NOMAD-0055,09 - Life Stories.mp3,-22.3,-18.1,ok
NOMAD-0056,10 - Lo and behold.mp3,-18.9,-16.5,ok
NOMAD-0057,05 - Lost.mp3,-21.8,-17.4,ok
NOMAD-0058,11 - Mourning Morning.mp3,-19.9,-15.4,ok
NOMAD-0059,10 - No Time.mp3,-19.6,-15.4,ok
NOMAD-0060,05 - So wrong.mp3,-25.2,-15.8,ok
NOMAD-0061,12 - Spectacular Failures.mp3,-23.4,-15.9,ok
NOMAD-0062,04 - Starz in Their Eyes.mp3,-24.2,-16.4,ok
NOMAD-0063,08 - Symphony of Sirens.mp3,-23.5,-16.4,ok
NOMAD-0064,03 - The day i died.mp3,-19.6,-15.8,ok
NOMAD-0065,01 - Writers Block.mp3,-22.6,-17.2,ok
NOMAD-0066,"07 This is How You Spell _Hahaha, We Destroyed the Hopes and Dreams of a Generation of Faux-Romantics.mp3",-20.1,-12.5,ok
NOMAD-0067,12 2007_ The Year Punk Broke (My Heart).mp3,-29.1,-12.4,ok
NOMAD-0068,10 ...And We Exhale and Roll Our Eyes in Unison.mp3,-18.7,-12.5,ok
NOMAD-0069,02 Broken Heartbeats Sounds Like Breakbeats.mp3,-18.7,-13.2,ok
NOMAD-0070,01 Death to Los Campesinos!.mp3,-20.8,-12.4,ok
NOMAD-0071,03 Don't tell Me to Do the Math(s).mp3,-19.4,-13.4,ok
NOMAD-0072,04 Drop It Doe Eyes.mp3,-20.9,-13.9,ok
NOMAD-0073,06 Knee Deep At ATP.mp3,-21.3,-12.7,ok
NOMAD-0074,05 My Year In Lists.mp3,-18.7,-13.1,ok
NOMAD-0075,"11 Sweet Dreams, Sweet Cheeks.mp3",-19.0,-12.9,ok
NOMAD-0076,08 We Are All Accelerated Readers.mp3,-19.9,-14.2,ok
NOMAD-0077,09 You! Me! Dancing!.mp3,-21.7,-13.7,ok
NOMAD-0079,01 Am I Wry  No.mp3,-24.0,-13.5,ok
NOMAD-0080,05 Behind the Drapes.mp3,-21.4,-14.6,ok
NOMAD-0082,"07 Eight Flew Over, One was Destroyed.mp3",-23.3,-15.4,ok
NOMAD-0083,06 Her Voice is Beyond Her Years.mp3,-24.1,-14.9,ok
NOMAD-0084,08 She Came Home for Christmas.mp3,-20.4,-15.1,ok
NOMAD-0085,09 She Spider.mp3,-22.5,-15.0,ok
NOMAD-0086,03 Snow Brigade.mp3,-23.3,-14.4,ok
NOMAD-0087,04 Symmetry.mp3,-21.0,-17.5,ok
NOMAD-0088,05 - Gronlandic Edit.mp3,-20.0,-16.0,ok
NOMAD-0089,05 - (I Am) What I Am Not.mp3,-20.1,-12.8,ok
NOMAD-0090,02 - A Modern Way of Letting Go.mp3,-19.0,-12.3,ok
NOMAD-0091,08 Actually It's Darkness.mp3,-20.0,-14.8,ok
NOMAD-0092,03 - American English.mp3,-17.9,-14.9,ok
NOMAD-0093,08 - Century After Century.mp3,-20.0,-13.4,ok
NOMAD-0094,02 I Don't Have The Map.mp3,-21.6,-14.4,ok
NOMAD-0095,04 - I Never Wanted.mp3,-19.4,-14.7,ok
NOMAD-0096,05 Idea Track.mp3,-22.3,-14.7,ok
NOMAD-0097,"11 - In Remote Part , Scottish Fiction.mp3",-23.7,-14.1,ok
NOMAD-0098,06 Let Me Sleep (Next To The Mirror).mp3,-20.0,-15.7,ok
NOMAD-0099,07 Listen To What You've Got.mp3,-22.0,-14.4,ok
NOMAD-0100,01 Little Discourage.mp3,-19.7,-15.1,ok
NOMAD-0101,06 - Live in a Hiding Place.mp3,-19.2,-15.8,ok
NOMAD-0102,10 Mistake Pageant.mp3,-19.8,-15.3,ok
NOMAD-0104,11 Quiet Crown.mp3,-21.7,-15.8,ok
NOMAD-0105,04 Roseability.mp3,-21.2,-14.2,ok
NOMAD-0106,09 Rusty.mp3,-22.4,-14.2,ok
NOMAD-0107,10 - Stay the Same.mp3,-21.0,-12.5,ok
NOMAD-0108,09 - Tell Me Ten Words.mp3,-18.5,-15.1,ok
NOMAD-0109,12 The Bronze Medal.mp3,-20.3,-18.5,ok
NOMAD-0110,03 These Wooden Ideas.mp3,-21.1,-13.8,ok
NOMAD-0111,01 - You Held the World in Your Arms.mp3,-18.3,-12.3,ok
NOMAD-0113,10 All Your Kayfabe Friends.mp3,-19.9,-12.5,ok
NOMAD-0114,15 - Coda- A Burn Scar in the Shape of the Sooner State.mp3,-21.4,-13.7,ok
NOMAD-0115,08 Documented Minor Emotional Breakdown #1.mp3,-23.3,-13.5,ok
NOMAD-0116,10 - Heart Swells_100-1.mp3,-27.2,-21.9,ok
NOMAD-0117,09 Heart Swells ／ Pacific Daylight Time.mp3,-24.1,-14.4,ok
NOMAD-0118,"11 - I Just Sighed, I Just Signed, Just So You Know.mp3",-21.9,-14.8,ok
NOMAD-0119,09 - I Warned You- Do Not Make an Enemy of Me.mp3,-21.0,-15.4,ok
NOMAD-0121,"06 It's Never That Easy Though, Is It (Song For The Other Kurt).mp3",-21.2,-13.6,ok
NOMAD-0122,02 Miserabilia.mp3,-21.4,-14.2,ok
NOMAD-0123,05 - Plan A.mp3,-17.4,-14.5,ok
NOMAD-0124,03 - Romance is Boring.mp3,-19.2,-14.2,ok
NOMAD-0125,07 - Straight in at 101.mp3,-19.1,-15.6,ok
NOMAD-0126,07 The End Of The Asterisk.mp3,-20.2,-13.1,ok
NOMAD-0127,13 - The Sea is a Good Place to Think of the Future.mp3,-19.2,-15.4,ok
NOMAD-0128,02 - There Are Listed Buildings.mp3,-18.4,-14.8,ok
NOMAD-0129,"14 - This is a Flag, There is No Wind.mp3",-21.0,-14.3,ok
NOMAD-0130,01 Ways To Make It Through The Wall.mp3,-20.6,-12.9,ok
NOMAD-0131,"03 We Are Beautiful, We Are Doomed.mp3",-20.9,-12.6,ok
NOMAD-0132,"04 - We've Got Your Back,,,.mp3",-21.3,-16.6,ok
NOMAD-0133,08 - Who Fell Asleep In.mp3,-18.9,-15.6,ok
NOMAD-0134,05 You'll Need Those Fingers For Crossing.mp3,-21.4,-13.6,ok
NOMAD-0198,2OvV_PaqoPk-Neil-Diamond-The-Look-Of-Love.wav,-22.8,-20.5,ok
NOMAD-0204,Gnarls Barkley - Crazy (Short).wav,-27.9,-15.6,ok
NOMAD-0206,Kenny Loggins - Footloose_Short Instrumental.wav,-32.9,-13.7,ok
NOMAD-0207,Kings Of Leon - Sex on Fire (Short).wav,-33.5,-12.3,ok
NOMAD-0212,"Shakira - Whenever, Wherever (Short).wav",-31.9,-14.0,ok
NOMAD-0215,The Killers - Mr. Brightside_Short.wav,-37.1,-12.7,ok
NOMAD-0219,kgoyd5ST6bE-Christina-Sturmer-Nie-Genug-offizielles-Video.wav,-23.4,-17.8,ok
NOMAD-0221,F569_t2jCio-Jerry-Lee-Lewis-Great-Balls-Of-Fire-1957-4K.wav,-21.9,-16.0,ok
NOMAD-0222,gPxcNl-iCUs-Toxic-The-Voice-Performance.wav,-18.1,-15.9,ok
NOMAD-0223,1x2KbVmDiCU-Bring-Me-Some-Water-Melissa-Etheridge.wav,-25.2,-20.9,ok
NOMAD-0224,nz8Nb980L9s-Crazy-Little-Thing-Called-Love.wav,-24.7,-21.9,ok
NOMAD-0225,Gciy9oG5678-Proud-Mary.wav,-23.7,-21.3,ok
NOMAD-0226,8Afffdv5Tfg-The-Best.wav,-26.4,-20.7,ok
NOMAD-0228,RVfkoQLYbro-Tom-Jones-Sexbomb-Remastered.wav,-20.6,-16.4,ok
NOMAD-0229,lHZtcC67yrY-Andreas-Gabalier-Hulapalu.wav,-17.7,-15.3,ok
NOMAD-0230,Christina Stürmer - Nie Genug (Short).wav,-34.6,-14.1,ok
NOMAD-0232,Jimi Jamison - I'm Always Here (Short).wav,-21.0,-16.1,ok
NOMAD-0233,XqX0720VTRY-Ein-Bett-im-Kornfeld-Jurgen-Drews-Das-Original.wav,-18.4,-14.0,ok
NOMAD-0235,STS - Kalt Und Kälter_Short.wav,-30.9,-17.4,ok
NOMAD-0236,hqMSrwbnw9M-Kalt-und-kalter.wav,-30.0,-25.7,ok
NOMAD-0237,VxM-OPwuSUo-Udo-Jurgens-Aber-bitte-mit-Sahne-Official-Lyric-Video.wav,-21.4,-17.4,ok
NOMAD-0238,Udo Jürgens - Aber bitte mit Sahne (Short).wav,-34.2,-17.2,ok
NOMAD-0239,Bryan Adams - Summer Of '69.wav,-19.8,-16.5,ok
NOMAD-0242,9rfB5YIMD-M-People-Who-Died.wav,-19.0,-14.3,ok
NOMAD-0243,oHOde7V3WAs-Thunderbird-Will-Do-Just-Fine.wav,-20.3,-16.5,ok
NOMAD-0245,WCri1GOLjYM-She-Burns-Foy-Vance-LYRICS.wav,-18.7,-15.6,ok
NOMAD-0246,SF3KA7RM_Bg-Late-March-Death-March-Frightened-Rabbit.wav,-19.0,-14.3,ok
NOMAD-0247,u1NzEg0IkzI-George-Barnett-Stone-Cold-Classic.wav,-20.2,-14.8,ok
NOMAD-0261,1MPcQ_Z4L2M-The-Rain.wav,-20.6,-17.7,ok
NOMAD-0262,-FAu6lwoNIM-Nothing-But-Thieves-Pop-The-Balloon-Official-Lyric-Video.wav,-23.1,-13.4,ok
NOMAD-0263,YYaGChm8RWw-Robbie-Basho-Blue-Crystal-Fire.wav,-26.7,-25.6,ok
NOMAD-0264,YPI7kZpmepE-Smino-Lee-Lovie-Official-Visualizer.wav,-18.4,-16.0,ok
NOMAD-0265,gQQY3i-kwgU-The-Skints-Murderer.wav,-22.4,-15.9,ok
NOMAD-0266,giK8TF-AjaM-Xan-Griffin-ft-WOLFE-Capricorn-Lyrics-on-screen.wav,-24.4,-13.0,ok
NOMAD-0267,929BN_zFFR0-Pulp-Cocaine-Socialism-with-lyrics.wav,-23.3,-15.3,ok
NOMAD-0268,8nHVZhavr64-Play-Some-Ska.wav,-21.8,-14.0,ok
NOMAD-0269,6PK7ZW4auI4-Sexyy-Red-Nicki-Minaj-Tay-Keith-Pound-Town-2-Official-Lyric-Video.wav,-20.3,-11.8,ok
NOMAD-0270,GGlQhUja-Lo-Liquid-Diamonds.wav,-18.3,-15.3,ok
NOMAD-0326,Hs5R4qpmi2Y-Judas-Priest-Living-Bad-Dreams-Painkiller-Sessions-1990-Audio.wav,-21.9,-15.1,ok
NOMAD-0327,8Ffx9MoOr-c-The-Spits-Bring-Me-Down.wav,-18.9,-14.2,ok
NOMAD-0328,cwiTPOzPJu4-Voltaire-Feathery-Wings-With-lyrics.wav,-17.8,-17.9,ok
NOMAD-0331,RSJbYWPEaxw-Bon-Jovi-Hallelujah.wav,-28.4,-24.6,ok
NOMAD-0333,J't'écrirai pas [-lvTXlFijMc].wav,-19.4,-15.6,ok
NOMAD-0377,AHCSo-7fRKk-I-Know-It-s-Gonna-Happen-Someday-2003-Remaster.wav,-18.9,-17.4,ok
NOMAD-0398,vocals_half_volume.wav,-23.5,-19.3,ok
NOMAD-0400,DEMO VOICE - Chanson pour Papa.mp3,-22.2,-18.8,ok
NOMAD-0401,Royal Navy - Heart of Oak.mp3,-28.0,-23.2,ok
NOMAD-0403,You Make Me Sing (with voice Charlie Dorion).wav,-23.2,-21.5,ok
NOMAD-0420,Before the Screen Reads Fin- Demo Voice.mp3,-18.7,-16.0,ok
NOMAD-0431,Un peu de lumiere demo for Andrew.mp3,-20.6,-19.7,ok
NOMAD-0396,The Fray - Never Say Never (YouTube Aihu16RyYp8).wav,-19.1,-15.4,ok
NOMAD-0440,ABBA - The Day Before You Came (YouTube 1HnOFwqpLRQ).wav,-34.4,-26.2,ok
