brand,source_video,out_file,codec,dur_s,status
NOMAD-0590,NOMAD-0590 - Thomas Borchert - I Know Those Eyes _ This Man Is Dead (Duet With Female Vocals)/Thomas Borchert - I Know Those Eyes _ This Man Is Dead (Duet With Female Vocals) (With Vocals).mp4,NOMAD-0590 - Thomas Borchert - I Know Those Eyes _ This Man Is Dead (Duet With Female Vocals).m4a,aac,192.6,ok
NOMAD-0804,NOMAD-0804 - Sarah McLachlan - Possession (Piano Version)/Sarah McLachlan - Possession (Piano Version) (With Vocals).mp4,NOMAD-0804 - Sarah McLachlan - Possession (Piano Version).m4a,aac,272.2,ok
NOMAD-0875,NOMAD-0875 - Silverstein - Forget Your Heart (Piano Version)/Silverstein - Forget Your Heart (Piano Version) (With Vocals).mp4,NOMAD-0875 - Silverstein - Forget Your Heart (Piano Version).m4a,aac,216.8,ok
NOMAD-1163,NOMAD-1163 - Port Isaacs Fishermans Friends - Lamorna (2018)/Port Isaacs Fishermans Friends - Lamorna (2018) (With Vocals).mp4,NOMAD-1163 - Port Isaacs Fishermans Friends - Lamorna (2018).m4a,aac,178.0,ok
NOMAD-1164,NOMAD-1164 - Attack Attack - The People's Elbow/Attack Attack - The People's Elbow (With Vocals).mkv,NOMAD-1164 - Attack Attack - The People's Elbow.flac,flac,157.0,ok
NOMAD-1187,NOMAD-1187 - Avril Lavigne - Nobody's Home/Avril Lavigne - Nobody's Home (With Vocals).mp4,NOMAD-1187 - Avril Lavigne - Nobody's Home.m4a,aac,212.6,ok
NOMAD-1188,NOMAD-1188 - Liz Callaway - The Story Goes On (Baby)/Liz Callaway - The Story Goes On (Baby) (With Vocals).mp4,NOMAD-1188 - Liz Callaway - The Story Goes On (Baby).m4a,aac,269.5,ok
NOMAD-1190,NOMAD-1190 - Minutemen - Search/Minutemen - Search (With Vocals).mp4,NOMAD-1190 - Minutemen - Search.m4a,aac,53.9,ok
NOMAD-1191,NOMAD-1191 - Eiffel 65 - Living in a Bubble/Eiffel 65 - Living in a Bubble (With Vocals).mp4,NOMAD-1191 - Eiffel 65 - Living in a Bubble.m4a,aac,305.4,ok
NOMAD-1194,NOMAD-1194 - Footloose (Broadway Cast) - I Can't Stand Still/Footloose (Broadway Cast) - I Can't Stand Still (With Vocals).mov,NOMAD-1194 - Footloose (Broadway Cast) - I Can't Stand Still.flac,flac,132.6,ok
NOMAD-1195,NOMAD-1195 - Richard Harris - Requiem/Richard Harris - Requiem (With Vocals).mov,NOMAD-1195 - Richard Harris - Requiem.flac,flac,307.9,ok
NOMAD-1196,NOMAD-1196 - Avril Lavigne - Anything but Ordinary/Avril Lavigne - Anything but Ordinary (With Vocals).mov,NOMAD-1196 - Avril Lavigne - Anything but Ordinary.flac,flac,252.0,ok
NOMAD-1197,NOMAD-1197 - Frank Turner - The Way I Tend to Be/Frank Turner - The Way I Tend to Be (With Vocals).mov,NOMAD-1197 - Frank Turner - The Way I Tend to Be.flac,flac,221.7,ok
NOMAD-1198,NOMAD-1198 - Avril Lavigne - Things I'll Never Say/Avril Lavigne - Things I'll Never Say (With Vocals).mov,NOMAD-1198 - Avril Lavigne - Things I'll Never Say.flac,flac,223.9,ok
NOMAD-1199,NOMAD-1199 - Dale Hawkins - Everglades/Dale Hawkins - Everglades (With Vocals).mov,NOMAD-1199 - Dale Hawkins - Everglades.flac,flac,132.9,ok
NOMAD-1200,NOMAD-1200 - Ayesha Erotica - Emo Boy/Ayesha Erotica - Emo Boy (With Vocals).mov,NOMAD-1200 - Ayesha Erotica - Emo Boy.flac,flac,154.1,ok
NOMAD-1201,NOMAD-1201 - Ayesha Erotica - Make U Cum/Ayesha Erotica - Make U Cum (With Vocals).mov,NOMAD-1201 - Ayesha Erotica - Make U Cum.flac,flac,201.5,ok
NOMAD-1202,NOMAD-1202 - Matt Pless - What a Time to Be Alive/Matt Pless - What a Time to Be Alive (With Vocals).mov,NOMAD-1202 - Matt Pless - What a Time to Be Alive.flac,flac,198.7,ok
NOMAD-1203,NOMAD-1203 - Toby Keith - Get My Drink On/Toby Keith - Get My Drink On (With Vocals).mov,NOMAD-1203 - Toby Keith - Get My Drink On.flac,flac,187.7,ok
NOMAD-1204,NOMAD-1204 - Kenny Chesney - Demons/Kenny Chesney - Demons (With Vocals).mov,NOMAD-1204 - Kenny Chesney - Demons.flac,flac,332.6,ok
NOMAD-1205,NOMAD-1205 - Nana Grizol - Less Than the Air/Nana Grizol - Less Than the Air (With Vocals).mov,NOMAD-1205 - Nana Grizol - Less Than the Air.flac,flac,217.5,ok
NOMAD-1206,NOMAD-1206 - Regina Spektor - Hotel Song/Regina Spektor - Hotel Song (With Vocals).mov,NOMAD-1206 - Regina Spektor - Hotel Song.flac,flac,212.4,ok
NOMAD-1207,NOMAD-1207 - Việt Nhân - Sầu Thương/Việt Nhân - Sầu Thương (With Vocals).mov,NOMAD-1207 - Việt Nhân - Sầu Thương.flac,flac,316.4,ok
NOMAD-1208,NOMAD-1208 - Ludo - Topeka/Ludo - Topeka (With Vocals).mov,NOMAD-1208 - Ludo - Topeka.flac,flac,187.3,ok
NOMAD-1209,NOMAD-1209 - The Rasmus - Back in the Picture/The Rasmus - Back in the Picture (With Vocals).mov,NOMAD-1209 - The Rasmus - Back in the Picture.flac,flac,223.2,ok
NOMAD-1210,NOMAD-1210 - John Prine - How Lucky (Colbert Report Version)/John Prine - How Lucky (Colbert Report Version) (With Vocals).mov,NOMAD-1210 - John Prine - How Lucky (Colbert Report Version).flac,flac,190.0,ok
NOMAD-1211,NOMAD-1211 - Keane - Nothing In My Way/Keane - Nothing In My Way (With Vocals).mov,NOMAD-1211 - Keane - Nothing In My Way.flac,flac,240.4,ok
NOMAD-1212,NOMAD-1212 - The Holly Springs Disaster - I Feel Like I'm Taking Crazy Pills/The Holly Springs Disaster - I Feel Like I'm Taking Crazy Pills (With Vocals).mov,NOMAD-1212 - The Holly Springs Disaster - I Feel Like I'm Taking Crazy Pills.flac,flac,184.5,ok
NOMAD-1213,NOMAD-1213 - These Silhouettes - Captivated/These Silhouettes - Captivated (With Vocals).mov,NOMAD-1213 - These Silhouettes - Captivated.flac,flac,215.7,ok
NOMAD-1214,NOMAD-1214 - Keane - Is It Any Wonder_/Keane - Is It Any Wonder_ (With Vocals).mov,NOMAD-1214 - Keane - Is It Any Wonder_.flac,flac,186.6,ok
NOMAD-1215,NOMAD-1215 - lil happy lil sad - Magical/lil happy lil sad - Magical (With Vocals).mov,NOMAD-1215 - lil happy lil sad - Magical.flac,flac,213.7,ok
NOMAD-1216,NOMAD-1216 - Wolfgang Wallace - Comatose/Wolfgang Wallace - Comatose (With Vocals).mov,NOMAD-1216 - Wolfgang Wallace - Comatose.flac,flac,209.0,ok
NOMAD-1217,NOMAD-1217 - Bruce Springsteen - Streets of Minneapolis/Bruce Springsteen - Streets of Minneapolis (With Vocals).mov,NOMAD-1217 - Bruce Springsteen - Streets of Minneapolis.flac,flac,277.5,ok
NOMAD-1218,NOMAD-1218 - Mark Mallman - Minneapolis/Mark Mallman - Minneapolis (With Vocals).mov,NOMAD-1218 - Mark Mallman - Minneapolis.flac,flac,199.6,ok
NOMAD-1219,NOMAD-1219 - Bug Hunter - The Hook/Bug Hunter - The Hook (With Vocals).mov,NOMAD-1219 - Bug Hunter - The Hook.flac,flac,219.6,ok
NOMAD-1220,NOMAD-1220 - Anakelly from Timeless - Under The Milky Way/Anakelly from Timeless - Under The Milky Way (With Vocals).mov,NOMAD-1220 - Anakelly from Timeless - Under The Milky Way.flac,flac,275.5,ok
NOMAD-1221,NOMAD-1221 - China Styles - War Cry/China Styles - War Cry (With Vocals).mov,NOMAD-1221 - China Styles - War Cry.flac,flac,236.7,ok
NOMAD-1222,NOMAD-1222 - Willie Nelson - Valentine/Willie Nelson - Valentine (With Vocals).mov,NOMAD-1222 - Willie Nelson - Valentine.flac,flac,218.6,ok
NOMAD-1223,NOMAD-1223 - Lissom - Savagery/Lissom - Savagery (With Vocals).mov,NOMAD-1223 - Lissom - Savagery.flac,flac,299.4,ok
NOMAD-1224,NOMAD-1224 - Linda Feller - Keiner lügt so schlecht wie Du/Linda Feller - Keiner lügt so schlecht wie Du (With Vocals).mov,NOMAD-1224 - Linda Feller - Keiner lügt so schlecht wie Du.flac,flac,188.8,ok
NOMAD-1225,NOMAD-1225 - HE PRIMALS - Sinister/HE PRIMALS - Sinister (With Vocals).mov,NOMAD-1225 - HE PRIMALS - Sinister.flac,flac,394.7,ok
NOMAD-1226,NOMAD-1226 - Elizabeth Moen - Songbird/Elizabeth Moen - Songbird (With Vocals).mov,NOMAD-1226 - Elizabeth Moen - Songbird.flac,flac,221.5,ok
NOMAD-1227,"NOMAD-1227 - Crosby, Stills, Nash & Young - Almost Cut My Hair/Crosby, Stills, Nash & Young - Almost Cut My Hair (With Vocals).mov","NOMAD-1227 - Crosby, Stills, Nash & Young - Almost Cut My Hair.flac",flac,274.6,ok
NOMAD-1228,NOMAD-1228 - Nether Hour - The Hit/Nether Hour - The Hit (With Vocals).mov,NOMAD-1228 - Nether Hour - The Hit.flac,flac,162.9,ok
NOMAD-1229,NOMAD-1229 - Doc Watson - Deep River Blues/Doc Watson - Deep River Blues (With Vocals).mov,NOMAD-1229 - Doc Watson - Deep River Blues.flac,flac,193.0,ok
NOMAD-1230,"NOMAD-1230 - Kelly Price ft. Ronald Isley, R. Kelly - Friend Of Mine (Remix)/Kelly Price ft. Ronald Isley, R. Kelly - Friend Of Mine (Remix) (With Vocals).mov","NOMAD-1230 - Kelly Price ft. Ronald Isley, R. Kelly - Friend Of Mine (Remix).flac",flac,379.2,ok
NOMAD-1231,NOMAD-1231 - The Mountain Goats - Going to Maine/The Mountain Goats - Going to Maine (With Vocals).mov,NOMAD-1231 - The Mountain Goats - Going to Maine.flac,flac,101.7,ok
NOMAD-1232,NOMAD-1232 - Childish Gambino - Saturday/Childish Gambino - Saturday (With Vocals).mov,NOMAD-1232 - Childish Gambino - Saturday.flac,flac,204.4,ok
NOMAD-1233,NOMAD-1233 - SteelDrivers - Where Rainbows Never Die/SteelDrivers - Where Rainbows Never Die (With Vocals).mov,NOMAD-1233 - SteelDrivers - Where Rainbows Never Die.flac,flac,230.4,ok
NOMAD-1234,NOMAD-1234 - YONAKA - Rockstar/YONAKA - Rockstar (With Vocals).mov,NOMAD-1234 - YONAKA - Rockstar.flac,flac,223.1,ok
NOMAD-1235,NOMAD-1235 - Travis Scott - sweet sweet/Travis Scott - sweet sweet (With Vocals).mov,NOMAD-1235 - Travis Scott - sweet sweet.flac,flac,223.2,ok
NOMAD-1236,NOMAD-1236 - Jasmine Thompson - You Are My Sunshine/Jasmine Thompson - You Are My Sunshine (With Vocals).mov,NOMAD-1236 - Jasmine Thompson - You Are My Sunshine.flac,flac,170.0,ok
NOMAD-1237,NOMAD-1237 - Nick Lowe - True Love Travels on a Gravel Road/Nick Lowe - True Love Travels on a Gravel Road (With Vocals).mov,NOMAD-1237 - Nick Lowe - True Love Travels on a Gravel Road.flac,flac,217.8,ok
NOMAD-1238,NOMAD-1238 - Kenny Wayne Shepherd - Everything Is Broken/Kenny Wayne Shepherd - Everything Is Broken (With Vocals).mov,NOMAD-1238 - Kenny Wayne Shepherd - Everything Is Broken.flac,flac,228.4,ok
NOMAD-1239,NOMAD-1239 - Set it off - Wolf in sheep's clothing/Set it off - Wolf in sheep's clothing (With Vocals).mov,NOMAD-1239 - Set it off - Wolf in sheep's clothing.flac,flac,187.9,ok
NOMAD-1240,NOMAD-1240 - Joe Nichols - Sunny and 75/Joe Nichols - Sunny and 75 (With Vocals).mov,NOMAD-1240 - Joe Nichols - Sunny and 75.flac,flac,208.5,ok
NOMAD-1241,NOMAD-1241 - The Something Specials - Aces/The Something Specials - Aces (With Vocals).mov,NOMAD-1241 - The Something Specials - Aces.flac,flac,218.5,ok
NOMAD-1242,NOMAD-1242 - The Sword - Cloak Of Feathers/The Sword - Cloak Of Feathers (With Vocals).mov,NOMAD-1242 - The Sword - Cloak Of Feathers.flac,flac,329.5,ok
NOMAD-1243,NOMAD-1243 - Over The Garden Wall (The Blasting Company) - Patient Is The Night/Over The Garden Wall (The Blasting Company) - Patient Is The Night (With Vocals).mov,NOMAD-1243 - Over The Garden Wall (The Blasting Company) - Patient Is The Night.flac,flac,88.8,ok
NOMAD-1244,NOMAD-1244 - Pigeon Pit - Josephine County Blues/Pigeon Pit - Josephine County Blues (With Vocals).mov,NOMAD-1244 - Pigeon Pit - Josephine County Blues.flac,flac,151.3,ok
NOMAD-1245,NOMAD-1245 - Super Cassette - Invincibility Star/Super Cassette - Invincibility Star (With Vocals).mov,NOMAD-1245 - Super Cassette - Invincibility Star.flac,flac,158.4,ok
NOMAD-1246,NOMAD-1246 - novo amor - Vantablack/novo amor - Vantablack (With Vocals).mov,NOMAD-1246 - novo amor - Vantablack.flac,flac,255.5,ok
NOMAD-1248,NOMAD-1248 - Eyehategod - Medicine noose/Eyehategod - Medicine noose (With Vocals).mov,NOMAD-1248 - Eyehategod - Medicine noose.flac,flac,220.0,ok
NOMAD-1249,NOMAD-1249 - Eyehategod - Agitation! Propaganda!/Eyehategod - Agitation! Propaganda! (With Vocals).mov,NOMAD-1249 - Eyehategod - Agitation! Propaganda!.flac,flac,142.4,ok
NOMAD-1250,NOMAD-1250 - Eyehategod - Shoplift/Eyehategod - Shoplift (With Vocals).mov,NOMAD-1250 - Eyehategod - Shoplift.flac,flac,206.5,ok
NOMAD-1251,NOMAD-1251 - Phil Collins & Amy Keys - Separate Lives (Live In Paris 2004)/Phil Collins & Amy Keys - Separate Lives (Live In Paris 2004) (With Vocals).mov,NOMAD-1251 - Phil Collins & Amy Keys - Separate Lives (Live In Paris 2004).flac,flac,351.6,ok
NOMAD-1252,NOMAD-1252 - Yarbrough And Peoples - Guilty/Yarbrough And Peoples - Guilty (With Vocals).mov,NOMAD-1252 - Yarbrough And Peoples - Guilty.flac,flac,366.2,ok
NOMAD-1253,NOMAD-1253 - Social Distortion - 1945 (13th Floor Version)/Social Distortion - 1945 (13th Floor Version) (With Vocals).mov,NOMAD-1253 - Social Distortion - 1945 (13th Floor Version).flac,flac,125.1,ok
NOMAD-1254,"NOMAD-1254 - Dawid Podsiadło, P.T. Adamczyk - Phantom Liberty/Dawid Podsiadło, P.T. Adamczyk - Phantom Liberty (With Vocals).mov","NOMAD-1254 - Dawid Podsiadło, P.T. Adamczyk - Phantom Liberty.flac",flac,349.6,ok
NOMAD-1257,NOMAD-1257 - Eyehategod - Blank/Eyehategod - Blank (With Vocals).mov,NOMAD-1257 - Eyehategod - Blank.flac,flac,439.1,ok
NOMAD-1264,NOMAD-1264 - The Swirling Eddies - Pyro Sets a Wildfire/The Swirling Eddies - Pyro Sets a Wildfire (With Vocals).mov,NOMAD-1264 - The Swirling Eddies - Pyro Sets a Wildfire.flac,flac,285.2,ok
NOMAD-1335,NOMAD-1335 - Đâu Phải Cho Anh (Toan2k8 Remix) - karaoke - Phát Lee/Đâu Phải Cho Anh (Toan2k8 Remix) - karaoke - Phát Lee (With Vocals).mp4,NOMAD-1335 - Đâu Phải Cho Anh (Toan2k8 Remix) - karaoke - Phát Lee.flac,flac,235.2,ok
NOMAD-1402,NOMAD-1402 - The Ants Go Marching - PINKFONG Mother Goose Karaoke/The Ants Go Marching - PINKFONG Mother Goose Karaoke (With Vocals).mp4,NOMAD-1402 - The Ants Go Marching - PINKFONG Mother Goose Karaoke.flac,flac,171.4,ok
